numero,filename,class,origin,source_file,row_idx,pred_class_label,pred_class_confidence,pred_origin_label,pred_origin_confidence,judge_model,judge_host,judge_error,phish_raw,origin_raw
1,0001.txt,non-phishing,ai,A_L_kaggle.csv,660,non-phishing,0.5000,unknown,0.5000,qwen2.5:7b,http://localhost:11434,,"{""label"":""non-phishing"",""confidence"":0.5,""signals"":[],""rationale"":""""}","{""label"":""unknown"",""confidence"":0.5,""style_cues"":[""promotional language"",""call to action""],""rationale"":""The email contains generic promotional content and a clear call to action for following the company on social media.""}"
2,0002.txt,phishing,manuale,M_P_L_Nigerian_5.csv,3715,non-phishing,0.5000,unknown,0.5000,qwen2.5:7b,http://localhost:11434,,"{""label"":""non-phishing"",""confidence"":0.5,""signals"":[],""rationale"":""""}","{""label"":""unknown"",""confidence"":0.5,""style_cues"":[""informal language"",""emotional appeal"",""financial request""],""rationale"":""The email contains informal language, emotional appeals for assistance, and a financial request without clear evidence of legitimacy or authenticity.""}"
3,0003.txt,non-phishing,manuale,M_P_L_Nigerian_5.csv,5947,non-phishing,0.5000,unknown,0.5000,qwen2.5:7b,http://localhost:11434,,"{""label"":""non-phishing"",""confidence"":0.5,""signals"":[],""rationale"":""""}","{""label"":""unknown"",""confidence"":0.5,""style_cues"":[],""rationale"":""""}"
4,0004.txt,non-phishing,manuale,M_P_L_Nigerian_5.csv,6277,non-phishing,0.5000,unknown,0.5000,qwen2.5:7b,http://localhost:11434,,"{""label"":""non-phishing"",""confidence"":0.5,""signals"":[],""rationale"":""""}","{""label"":""unknown"",""confidence"":0.5,""style_cues"":[""philosophical"",""metaphorical"",""analogous""],""rationale"":""The email contains abstract and metaphorical language, suggesting a unique perspective on dreaming and brain function, but the originator is not specified.""}"
5,0005.txt,non-phishing,manuale,M_P_L_Nigerian_5.csv,8,non-phishing,0.8000,unknown,0.5000,qwen2.5:7b,http://localhost:11434,,"{""label"":""non-phishing"",""confidence"":0.8,""signals"":[],""rationale"":""""}","{""label"":""unknown"",""confidence"":0.5,""style_cues"":[""informal"",""short""],""rationale"":""Email is brief and informal with a single attachment request, lacks detailed context or specific instructions.""}"
6,0006.txt,phishing,manuale,M_P_L_Nigerian_5.csv,4814,non-phishing,0.5000,unknown,0.5000,qwen2.5:7b,http://localhost:11434,,"{""label"":""non-phishing"",""confidence"":0.5,""signals"":[],""rationale"":""""}","{""label"":""unknown"",""confidence"":0.5,""style_cues"":[""informal_greeting"",""emotional_language"",""financial_request""],""rationale"":""The email contains typical financial fraud language with an informal greeting and emotional appeal to the recipient.""}"
7,0007.txt,non-phishing,ai,A_L_kaggle.csv,709,phishing,0.8000,ai-generated,0.8000,qwen2.5:7b,http://localhost:11434,,"{""label"":""phishing"",""confidence"":0.8,""signals"":[""urgent action required"",""link provided""],""rationale"":""The email requests immediate attention and contains a link to verify the account, which are common phishing tactics.""}","{""label"":""ai-generated"",""confidence"":0.8,""style_cues"":[""formal"",""commercial"",""urgency""],""rationale"":""The email is formal and commercial in nature, with a clear sense of urgency to prompt immediate action.""}"
8,0008.txt,non-phishing,manuale,M_P_L_Nigerian_5.csv,60,non-phishing,0.5000,unknown,0.5000,qwen2.5:7b,http://localhost:11434,,"{""label"":""non-phishing"",""confidence"":0.5,""signals"":[],""rationale"":""""}","{""label"":""unknown"",""confidence"":0.5,""style_cues"":[""formal"",""business""],""rationale"":""Email discusses a confidentiality agreement and review process.""}"
9,0009.txt,non-phishing,manuale,M_P_L_Nigerian_5.csv,6081,non-phishing,0.5000,unknown,0.5000,qwen2.5:7b,http://localhost:11434,,"{""label"":""non-phishing"",""confidence"":0.5,""signals"":[],""rationale"":""""}","{""label"":""unknown"",""confidence"":0.5,""style_cues"":[""formal"",""technical""],""rationale"":""Technical discussion on reliability and performance of Java vs C.""}"
10,0010.txt,non-phishing,manuale,M_P_L_Nigerian_5.csv,973,non-phishing,0.5000,unknown,0.5000,qwen2.5:7b,http://localhost:11434,,"{""label"":""non-phishing"",""confidence"":0.5,""signals"":[],""rationale"":""""}","{""label"":""unknown"",""confidence"":0.5,""style_cues"":[""sarcastic"",""informal""],""rationale"":""The email contains a sarcastic tone and informal language, but the content is unclear regarding the source of the bugs.""}"
11,0011.txt,phishing,manuale,M_P_L_Nigerian_5.csv,2684,non-phishing,0.6000,unknown,0.7000,qwen2.5:7b,http://localhost:11434,,"{""label"":""non-phishing"",""confidence"":0.6,""signals"":[],""rationale"":""""}","{""label"":""unknown"",""confidence"":0.7,""style_cues"":[""formal"",""emotional appeal"",""financial incentive""],""rationale"":""The email contains a formal tone, emotional appeal to the recipient's integrity and honesty, and promises financial incentives, which are common in phishing scams.""}"
12,0012.txt,non-phishing,ai,A_L_kaggle.csv,834,non-phishing,0.5000,ai-generated,0.8000,qwen2.5:7b,http://localhost:11434,,"{""label"":""non-phishing"",""confidence"":0.5,""signals"":[],""rationale"":""""}","{""label"":""ai-generated"",""confidence"":0.8,""style_cues"":[""promotional language"",""call to action"",""exclusive offer""],""rationale"":""The email uses promotional language and includes a call to action, suggesting it is AI-generated rather than manually crafted.""}"
13,0013.txt,non-phishing,manuale,M_P_L_Nigerian_5.csv,1659,non-phishing,0.5000,unknown,0.5000,qwen2.5:7b,http://localhost:11434,,"{""label"":""non-phishing"",""confidence"":0.5,""signals"":[],""rationale"":""""}","{""label"":""unknown"",""confidence"":0.5,""style_cues"":[""uses IRC for clarification"",""signature includes position and contact info""],""rationale"":""Email discusses technical issue with inotify, uses IRC for follow-up, signature provides professional details.""}"
14,0014.txt,non-phishing,ai,A_L_kaggle.csv,364,non-phishing,0.5000,ai-generated,0.8000,qwen2.5:7b,http://localhost:11434,,"{""label"":""non-phishing"",""confidence"":0.5,""signals"":[],""rationale"":""""}","{""label"":""ai-generated"",""confidence"":0.8,""style_cues"":[""informative"",""promotional"",""link""],""rationale"":""The email is promotional in nature and includes a call-to-action link. The style is informative and lacks personalization or unique characteristics typically found in manually written emails.""}"
15,0015.txt,phishing,manuale,M_P_Nazario.csv,247,phishing,0.8000,unknown,0.6000,qwen2.5:7b,http://localhost:11434,,"{""label"":""phishing"",""confidence"":0.8,""signals"":[""Link in email"",""Request for account verification""],""rationale"":""The email contains a link that directs the user to verify their account, which is a common phishing tactic. There is no official business context provided that would justify this request.""}","{""label"":""unknown"",""confidence"":0.6,""style_cues"":[""formal"",""warning""],""rationale"":""The email contains a warning about mailbox size and requires action from the recipient. The disclaimer indicates it is from Amanah Raya Berhad, but there are no clear signs of AI generation.""}"
16,0016.txt,non-phishing,manuale,M_P_L_Nigerian_5.csv,5815,non-phishing,0.5000,unknown,0.5000,qwen2.5:7b,http://localhost:11434,,"{""label"":""non-phishing"",""confidence"":0.5,""signals"":[],""rationale"":""""}","{""label"":""unknown"",""confidence"":0.5,""style_cues"":[""formal"",""technical""],""rationale"":""Technical discussion on programming languages and compiler availability in embedded systems.""}"
17,0017.txt,non-phishing,ai,A_L_kaggle.csv,391,non-phishing,0.5000,ai-generated,0.8000,qwen2.5:7b,http://localhost:11434,,"{""label"":""non-phishing"",""confidence"":0.5,""signals"":[],""rationale"":""""}","{""label"":""ai-generated"",""confidence"":0.8,""style_cues"":[""formal tone"",""encourages reporting illegal activity"",""promotional language""],""rationale"":""The email has a formal tone and encourages the recipient to report illegal activities. It also includes promotional language about community safety, which is typical of AI-generated content.""}"
18,0018.txt,phishing,manuale,M_P_Nazario.csv,1258,phishing,0.8000,unknown,0.5000,qwen2.5:7b,http://localhost:11434,,"{""label"":""phishing"",""confidence"":0.8,""signals"":[""urgent language"",""threat of account suspension"",""suspicious URL""],""rationale"":""The email uses urgent language and threatens account suspension, which are common phishing tactics. The presence of a suspicious URL in the text further supports this classification.""}","{""label"":""unknown"",""confidence"":0.5,""style_cues"":[""exclamation marks"",""uppercase"",""urgent language""],""rationale"":""Urgent tone and use of exclamation marks to create a sense of urgency.""}"
19,0019.txt,phishing,manuale,M_P_L_Nigerian_5.csv,2730,non-phishing,0.5000,unknown,0.5000,qwen2.5:7b,http://localhost:11434,,"{""label"":""non-phishing"",""confidence"":0.5,""signals"":[],""rationale"":""""}","{""label"":""unknown"",""confidence"":0.5,""style_cues"":[""formal"",""confidential"",""financial""],""rationale"":""The email contains a business proposal for transferring funds abroad, involving high amounts and strict confidentiality. The sender is from a government position but the content appears suspicious.""}"
20,0020.txt,non-phishing,manuale,M_P_L_Nigerian_5.csv,459,non-phishing,0.5000,unknown,0.5000,qwen2.5:7b,http://localhost:11434,,"{""label"":""non-phishing"",""confidence"":0.5,""signals"":[],""rationale"":""""}","{""label"":""unknown"",""confidence"":0.5,""style_cues"":[""formal"",""business""],""rationale"":""Email discusses grid planning base cases and requests comments; sender is from California ISO.""}"
21,0021.txt,non-phishing,ai,A_L_kaggle.csv,238,non-phishing,0.5000,ai-generated,0.8000,qwen2.5:7b,http://localhost:11434,,"{""label"":""non-phishing"",""confidence"":0.5,""signals"":[],""rationale"":""""}","{""label"":""ai-generated"",""confidence"":0.8,""style_cues"":[""informative"",""promotional"",""professional""],""rationale"":""The email is promotional and informative in nature, with a clear call-to-action and signature from a social media manager.""}"
22,0022.txt,non-phishing,manuale,M_P_L_Nigerian_5.csv,5201,non-phishing,0.5000,unknown,0.5000,qwen2.5:7b,http://localhost:11434,,"{""label"":""non-phishing"",""confidence"":0.5,""signals"":[],""rationale"":""""}","{""label"":""unknown"",""confidence"":0.5,""style_cues"":[],""rationale"":""""}"
23,0023.txt,non-phishing,ai,A_L_kaggle.csv,864,non-phishing,0.5000,ai-generated,0.8000,qwen2.5:7b,http://localhost:11434,,"{""label"":""non-phishing"",""confidence"":0.5,""signals"":[],""rationale"":""""}","{""label"":""ai-generated"",""confidence"":0.8,""style_cues"":[""formal"",""urgent"",""transaction-related""],""rationale"":""The email has a formal tone and urgency, mentions a transaction discrepancy requiring immediate action, and includes a link for verification.""}"
24,0024.txt,non-phishing,manuale,M_P_L_Nigerian_5.csv,5671,non-phishing,0.5000,ai-generated,0.7000,qwen2.5:7b,http://localhost:11434,,"{""label"":""non-phishing"",""confidence"":0.5,""signals"":[],""rationale"":""""}","{""label"":""ai-generated"",""confidence"":0.7,""style_cues"":[""informative"",""technical""],""rationale"":""The email provides technical information and links, which is characteristic of AI-generated content.""}"
25,0025.txt,non-phishing,manuale,M_P_L_Nigerian_5.csv,6103,non-phishing,0.6000,unknown,0.5000,qwen2.5:7b,http://localhost:11434,,"{""label"":""non-phishing"",""confidence"":0.6,""signals"":[],""rationale"":""""}","{""label"":""unknown"",""confidence"":0.5,""style_cues"":[""casual language"",""use of initials"",""mention of performance""],""rationale"":""Email contains informal language and mentions of performance differences, but the author's identity is unclear.""}"
26,0026.txt,non-phishing,ai,A_L_kaggle.csv,796,non-phishing,0.5000,ai-generated,0.8000,qwen2.5:7b,http://localhost:11434,,"{""label"":""non-phishing"",""confidence"":0.5,""signals"":[],""rationale"":""""}","{""label"":""ai-generated"",""confidence"":0.8,""style_cues"":[""exciting opportunity"",""limited spots"",""urgency""],""rationale"":""The email uses promotional language and a call-to-action with a deadline, which are typical characteristics of AI-generated marketing content.""}"
27,0027.txt,non-phishing,manuale,M_P_L_Nigerian_5.csv,425,non-phishing,0.8000,ai-generated,0.8000,qwen2.5:7b,http://localhost:11434,,"{""label"":""non-phishing"",""confidence"":0.8,""signals"":[],""rationale"":""""}","{""label"":""ai-generated"",""confidence"":0.8,""style_cues"":[""technical"",""financial""],""rationale"":""The email contains detailed financial and technical information about Kinder Morgan's earnings and acquisitions, typical of an AI-generated summary or report.""}"
28,0028.txt,non-phishing,manuale,M_P_L_Nigerian_5.csv,6168,non-phishing,0.5000,unknown,0.5000,qwen2.5:7b,http://localhost:11434,,"{""label"":""non-phishing"",""confidence"":0.5,""signals"":[],""rationale"":""""}","{""label"":""unknown"",""confidence"":0.5,""style_cues"":[""informal language"",""personal anecdotes"",""historical context""],""rationale"":""The email contains personal stories and informal language, making it difficult to determine if it was manually written or AI-generated.""}"
29,0029.txt,non-phishing,ai,A_L_kaggle.csv,714,phishing,0.8000,ai-generated,0.8000,qwen2.5:7b,http://localhost:11434,,"{""label"":""phishing"",""confidence"":0.8,""signals"":[""urgent action required"",""link provided""],""rationale"":""The email requests urgent action and contains a link to verify account details, which are common phishing tactics.""}","{""label"":""ai-generated"",""confidence"":0.8,""style_cues"":[""formal tone"",""use of salutation and title"",""link provided"",""timely urgency""],""rationale"":""The email has a formal tone with the use of 'Dear Mr.' and follows a standard verification template. It includes a link for action and conveys timely urgency.""}"
30,0030.txt,phishing,ai,A_P_synthetic_phish.csv,2983,phishing,0.8000,unknown,0.6000,qwen2.5:7b,http://localhost:11434,,"{""label"":""phishing"",""confidence"":0.8,""signals"":[""Link in email"",""Request for validation""],""rationale"":""The email contains a suspicious link and requests validation, which are common phishing tactics.""}","{""label"":""unknown"",""confidence"":0.6,""style_cues"":[""link provided"",""evaluation form""],""rationale"":""Email contains a notification about mailbox limitations and a request to validate the mailbox by filling an evaluation form.""}"
31,0031.txt,phishing,manuale,M_P_L_Nigerian_5.csv,3288,non-phishing,0.5000,unknown,0.5000,qwen2.5:7b,http://localhost:11434,,"{""label"":""non-phishing"",""confidence"":0.5,""signals"":[],""rationale"":""""}","{""label"":""unknown"",""confidence"":0.5,""style_cues"":[""emotional language"",""request for assistance"",""financial claim""],""rationale"":""The email contains emotional language, a request for assistance, and claims of financial inheritance, but lacks specific details to confidently label it as AI-generated or manual.""}"
32,0032.txt,non-phishing,manuale,M_P_L_Nigerian_5.csv,1435,non-phishing,0.5000,unknown,0.5000,qwen2.5:7b,http://localhost:11434,,"{""label"":""non-phishing"",""confidence"":0.5,""signals"":[],""rationale"":""""}","{""label"":""unknown"",""confidence"":0.5,""style_cues"":[],""rationale"":""""}"
33,0033.txt,phishing,ai,A_P_synthetic_phish.csv,355,non-phishing,0.5000,unknown,0.5000,qwen2.5:7b,http://localhost:11434,,"{""label"":""non-phishing"",""confidence"":0.5,""signals"":[],""rationale"":""""}","{""label"":""unknown"",""confidence"":0.5,""style_cues"":[""exclamation mark"",""link provided""],""rationale"":""Email uses urgent language and provides a link for account reactivation.""}"
34,0034.txt,phishing,manuale,M_P_Nazario.csv,555,phishing,0.8000,unknown,0.5000,qwen2.5:7b,http://localhost:11434,,"{""label"":""phishing"",""confidence"":0.8,""signals"":[""suspension request"",""urgent language"",""unlock link""],""rationale"":""The email requests urgent action to unlock an account and includes a suspicious URL.""}","{""label"":""unknown"",""confidence"":0.5,""style_cues"":[""Suspension notice"",""Unlock request"",""URL""],""rationale"":""Email appears suspicious with repeated content and a link.""}"
35,0035.txt,non-phishing,ai,A_L_kaggle.csv,969,non-phishing,0.8000,ai-generated,0.8000,qwen2.5:7b,http://localhost:11434,,"{""label"":""non-phishing"",""confidence"":0.8,""signals"":[],""rationale"":""""}","{""label"":""ai-generated"",""confidence"":0.8,""style_cues"":[""formal"",""professional"",""call_to_action""],""rationale"":""The email follows a formal tone and includes a clear call to action for donation. The content is generic and could be generated by an AI system.""}"
36,0036.txt,non-phishing,manuale,M_P_L_Nigerian_5.csv,309,non-phishing,0.8000,unknown,0.6000,qwen2.5:7b,http://localhost:11434,,"{""label"":""non-phishing"",""confidence"":0.8,""signals"":[],""rationale"":""""}","{""label"":""unknown"",""confidence"":0.6,""style_cues"":[""formal"",""business""],""rationale"":""Email discusses contract establishment between companies, includes attachments for review.""}"
37,0037.txt,phishing,manuale,M_P_Nazario.csv,435,non-phishing,0.5000,unknown,0.5000,qwen2.5:7b,http://localhost:11434,,"{""label"":""non-phishing"",""confidence"":0.5,""signals"":[],""rationale"":""""}","{""label"":""unknown"",""confidence"":0.5,""style_cues"":[""repetitive"",""urgent""],""rationale"":""The email is repetitive and urgent, but the sender's identity is unclear.""}"
38,0038.txt,phishing,manuale,M_P_L_Nigerian_5.csv,1858,non-phishing,0.6000,unknown,0.6000,qwen2.5:7b,http://localhost:11434,,"{""label"":""non-phishing"",""confidence"":0.6,""signals"":[],""rationale"":""""}","{""label"":""unknown"",""confidence"":0.6,""style_cues"":[""urgent"",""confidential"",""foreigner"",""banking""],""rationale"":""The email contains urgent and confidential language, mentions a large sum of money to be transferred overseas, and requests personal details for an unknown account. It also includes placeholders for amounts and names, which is common in such scams.""}"
39,0039.txt,phishing,ai,A_P_synthetic_phish.csv,657,non-phishing,0.5000,unknown,0.5000,qwen2.5:7b,http://localhost:11434,,"{""label"":""non-phishing"",""confidence"":0.5,""signals"":[],""rationale"":""""}","{""label"":""unknown"",""confidence"":0.5,""style_cues"":[""urgent"",""link""],""rationale"":""Urgent action required with a confirmation link provided.""}"
40,0040.txt,phishing,manuale,M_P_L_Nigerian_5.csv,2189,non-phishing,0.5000,unknown,0.5000,qwen2.5:7b,http://localhost:11434,,"{""label"":""non-phishing"",""confidence"":0.5,""signals"":[],""rationale"":""""}","{""label"":""unknown"",""confidence"":0.5,""style_cues"":[""excessive punctuation"",""suspicious content""],""rationale"":""The email contains suspicious content related to large sums of money and involves a deceased public figure, which is often associated with fraud schemes.""}"
41,0041.txt,phishing,manuale,M_P_Nazario.csv,349,non-phishing,0.5000,ai-generated,0.8000,qwen2.5:7b,http://localhost:11434,,"{""label"":""non-phishing"",""confidence"":0.5,""signals"":[],""rationale"":""""}","{""label"":""ai-generated"",""confidence"":0.8,""style_cues"":[""informative"","" promotional""],""rationale"":""The email contains a clear call-to-action and promotional content, typical of AI-generated messages.""}"
42,0042.txt,phishing,manuale,M_P_L_Nigerian_5.csv,2387,phishing,0.9000,unknown,0.5000,qwen2.5:7b,http://localhost:11434,,"{""label"":""phishing"",""confidence"":0.9,""signals"":[""unsolicited offer"",""confidential business proposition"",""request for personal information""],""rationale"":""The email contains a suspicious unsolicited offer, requests personal information such as full names and address, and uses generic placeholders like [EMAIL] and [AMOUNT], which are common in phishing attempts.""}","{""label"":""unknown"",""confidence"":0.5,""style_cues"":[""Generic greeting"",""Unclear subject"",""Unusual business proposition""],""rationale"":""The email has a generic greeting, an unclear subject, and an unusual business proposition involving large sums of money without clear evidence or context.""}"
43,0043.txt,phishing,ai,A_P_synthetic_phish.csv,3750,phishing,0.8000,unknown,0.5000,qwen2.5:7b,http://localhost:11434,,"{""label"":""phishing"",""confidence"":0.8,""signals"":[""Suspicious capitalization and punctuation"",""Repeated notifications""],""rationale"":""The email uses suspicious capitalization and punctuation, and repeatedly emphasizes the suspension of the account.""}","{""label"":""unknown"",""confidence"":0.5,""style_cues"":[""exclamation marks"",""repetition""],""rationale"":""Multiple exclamation marks and repeated phrases.""}"
44,0044.txt,non-phishing,ai,A_L_kaggle.csv,32,non-phishing,0.5000,ai-generated,0.8000,qwen2.5:7b,http://localhost:11434,,"{""label"":""non-phishing"",""confidence"":0.5,""signals"":[],""rationale"":""""}","{""label"":""ai-generated"",""confidence"":0.8,""style_cues"":[""excited tone"",""prize giveaway"",""call to action""],""rationale"":""The email has a promotional tone with an exciting announcement about winning a prize. It includes a call to action and was likely generated by an AI due to its structured format and lack of personal touch.""}"
45,0045.txt,phishing,ai,A_P_synthetic_phish.csv,3156,non-phishing,0.5000,unknown,0.5000,qwen2.5:7b,http://localhost:11434,,"{""label"":""non-phishing"",""confidence"":0.5,""signals"":[],""rationale"":""""}","{""label"":""unknown"",""confidence"":0.5,""style_cues"":[""informative"",""request_action"",""link""],""rationale"":""The email provides information about storage limitations and requests action by clicking a link.""}"
46,0046.txt,phishing,ai,A_P_synthetic_phish.csv,778,non-phishing,0.6000,unknown,0.5000,qwen2.5:7b,http://localhost:11434,,"{""label"":""non-phishing"",""confidence"":0.6,""signals"":[""email_id_expired"",""security_update""],""rationale"":""The email mentions a common organizational procedure for updating security measures and does not contain suspicious links or requests for personal information.""}","{""label"":""unknown"",""confidence"":0.5,""style_cues"":[""informative"",""urgent""],""rationale"":""Message appears urgent with a call to action for security updates.""}"
47,0047.txt,non-phishing,manuale,M_P_L_Nigerian_5.csv,5215,non-phishing,0.5000,unknown,0.5000,qwen2.5:7b,http://localhost:11434,,"{""label"":""non-phishing"",""confidence"":0.5,""signals"":[],""rationale"":""""}","{""label"":""unknown"",""confidence"":0.5,""style_cues"":[],""rationale"":""""}"
48,0048.txt,non-phishing,ai,A_L_kaggle.csv,633,non-phishing,0.9000,unknown,0.5000,qwen2.5:7b,http://localhost:11434,,"{""label"":""non-phishing"",""confidence"":0.9,""signals"":[],""rationale"":""""}","{""label"":""unknown"",""confidence"":0.5,""style_cues"":[""professional"",""informative"",""advisory""],""rationale"":""The email provides financial advice but lacks clear indication of manual or AI generation.""}"
49,0049.txt,phishing,manuale,M_P_Nazario.csv,172,non-phishing,0.5000,unknown,0.5000,qwen2.5:7b,http://localhost:11434,,"{""label"":""non-phishing"",""confidence"":0.5,""signals"":[],""rationale"":""""}","{""label"":""unknown"",""confidence"":0.5,""style_cues"":[""repeated_notification""],""rationale"":""The email is repetitive with no new information.""}"
50,0050.txt,phishing,ai,A_P_synthetic_phish.csv,850,non-phishing,0.5000,unknown,0.5000,qwen2.5:7b,http://localhost:11434,,"{""label"":""non-phishing"",""confidence"":0.5,""signals"":[],""rationale"":""""}","{""label"":""unknown"",""confidence"":0.5,""style_cues"":[""link provided"",""informative""],""rationale"":""Email contains a link and provides information about email access and IT services.""}"
51,0051.txt,non-phishing,manuale,M_P_L_Nigerian_5.csv,281,non-phishing,0.5000,unknown,0.5000,qwen2.5:7b,http://localhost:11434,,"{""label"":""non-phishing"",""confidence"":0.5,""signals"":[],""rationale"":""""}","{""label"":""unknown"",""confidence"":0.5,""style_cues"":[""professional"",""informal""],""rationale"":""Email announces a change in affiliation and provides new contact information; tone is somewhat informal.""}"
52,0052.txt,non-phishing,manuale,M_P_L_Nigerian_5.csv,1605,non-phishing,0.5000,unknown,0.5000,qwen2.5:7b,http://localhost:11434,,"{""label"":""non-phishing"",""confidence"":0.5,""signals"":[],""rationale"":""""}","{""label"":""unknown"",""confidence"":0.5,""style_cues"":[""commercial"",""event""],""rationale"":""Email promotes a renewable energy finance tutorial event with detailed information on pricing and sponsors, but lacks clear indication of manual or AI generation.""}"
53,0053.txt,non-phishing,manuale,M_P_L_Nigerian_5.csv,329,non-phishing,0.8000,unknown,0.5000,qwen2.5:7b,http://localhost:11434,,"{""label"":""non-phishing"",""confidence"":0.8,""signals"":[],""rationale"":""""}","{""label"":""unknown"",""confidence"":0.5,""style_cues"":[""informative"",""technical""],""rationale"":""The email provides detailed information about commission meetings but lacks clear indication of manual or AI generation.""}"
54,0054.txt,phishing,manuale,M_P_Nazario.csv,1324,non-phishing,0.8000,unknown,0.5000,qwen2.5:7b,http://localhost:11434,,"{""label"":""non-phishing"",""confidence"":0.8,""signals"":[],""rationale"":""""}","{""label"":""unknown"",""confidence"":0.5,""style_cues"":[""standard format"",""financial institution""],""rationale"":""The email follows a standard financial institution template and contains typical security instructions, but the content does not provide clear evidence of manual or AI generation.""}"
55,0055.txt,phishing,manuale,M_P_Nazario.csv,1234,non-phishing,0.7000,ai-generated,0.7000,qwen2.5:7b,http://localhost:11434,,"{""label"":""non-phishing"",""confidence"":0.7,""signals"":[],""rationale"":""""}","{""label"":""ai-generated"",""confidence"":0.7,""style_cues"":["" promotional"",""呼吁行动""],""rationale"":""邮件主题和内容具有明显的促销性质，且包含行动号召。""}"
56,0056.txt,phishing,manuale,M_P_Nazario.csv,81,phishing,0.8000,unknown,0.5000,qwen2.5:7b,http://localhost:11434,,"{""label"":""phishing"",""confidence"":0.8,""signals"":[""Expired password notice"",""Multiple 'Click Here' links""],""rationale"":""The email contains a generic password expiration message and multiple 'Click Here' links without clear context, which are common phishing tactics.""}","{""label"":""unknown"",""confidence"":0.5,""style_cues"":[""multiple copyright notices"",""repeated password expiration message""],""rationale"":""Repeated content and outdated copyright year.""}"
57,0057.txt,phishing,ai,A_P_synthetic_phish.csv,1306,non-phishing,0.6000,unknown,0.5000,qwen2.5:7b,http://localhost:11434,,"{""label"":""non-phishing"",""confidence"":0.6,""signals"":[""informative content"",""reminders""],""rationale"":""The email contains reminders about an active account and instructions for re-validation but lacks urgent or suspicious language common in phishing attempts.""}","{""label"":""unknown"",""confidence"":0.5,""style_cues"":[""urgent language"",""suspension threat""],""rationale"":""The email uses urgent language and threatens suspension if not validated, which could indicate phishing.""}"
58,0058.txt,non-phishing,ai,A_L_kaggle.csv,696,non-phishing,0.5000,unknown,0.5000,qwen2.5:7b,http://localhost:11434,,"{""label"":""non-phishing"",""confidence"":0.5,""signals"":[],""rationale"":""""}","{""label"":""unknown"",""confidence"":0.5,""style_cues"":[""professional"",""enthusiastic""],""rationale"":""The email is well-written but lacks specific details that would indicate it was manually crafted or AI-generated.""}"
59,0059.txt,non-phishing,manuale,M_P_L_Nigerian_5.csv,5397,non-phishing,0.5000,unknown,0.5000,qwen2.5:7b,http://localhost:11434,,"{""label"":""non-phishing"",""confidence"":0.5,""signals"":[],""rationale"":""""}","{""label"":""unknown"",""confidence"":0.5,""style_cues"":[""informal"",""technical""],""rationale"":""The email discusses technical issues and solutions but the overall style is informal with personal references.""}"
60,0060.txt,non-phishing,ai,A_L_kaggle.csv,851,non-phishing,0.5000,unknown,0.5000,qwen2.5:7b,http://localhost:11434,,"{""label"":""non-phishing"",""confidence"":0.5,""signals"":[],""rationale"":""""}","{""label"":""unknown"",""confidence"":0.5,""style_cues"":[""positive tone"",""promotional language"",""call to action""],""rationale"":""The email has a positive and promotional tone with a call to action but the sender's identity is not confirmed.""}"
61,0061.txt,phishing,manuale,M_P_L_Nigerian_5.csv,3132,phishing,0.8000,unknown,0.5000,qwen2.5:7b,http://localhost:11434,,"{""label"":""phishing"",""confidence"":0.8,""signals"":[""unsolicited and generic greeting"",""request for personal information"",""promise of large sum of money"",""use of a deceased person's name""],""rationale"":""The email is unsolicited, uses a generic greeting, and promises a large sum of money in exchange for assistance. It also requests personal contact details and uses the name of a deceased former presiden","{""label"":""unknown"",""confidence"":0.5,""style_cues"":[""emotional language"",""request for personal information""],""rationale"":""The email contains emotional language and a request for personal information, but the sender's identity is unclear.""}"
62,0062.txt,non-phishing,ai,A_L_kaggle.csv,873,non-phishing,0.5000,unknown,0.5000,qwen2.5:7b,http://localhost:11434,,"{""label"":""non-phishing"",""confidence"":0.5,""signals"":[],""rationale"":""""}","{""label"":""unknown"",""confidence"":0.5,""style_cues"":[""informal_greeting"",""prize_notification"",""call_to_action""],""rationale"":""Email appears promotional with a prize notification and call to action.""}"
63,0063.txt,phishing,ai,A_P_synthetic_phish.csv,1907,non-phishing,0.5000,unknown,0.5000,qwen2.5:7b,http://localhost:11434,,"{""label"":""non-phishing"",""confidence"":0.5,""signals"":[],""rationale"":""""}","{""label"":""unknown"",""confidence"":0.5,""style_cues"":[""abbreviations"",""uppercase""],""rationale"":""Uppercase text and abbreviation used.""}"
64,0064.txt,non-phishing,manuale,M_P_L_Nigerian_5.csv,5730,non-phishing,0.5000,unknown,0.5000,qwen2.5:7b,http://localhost:11434,,"{""label"":""non-phishing"",""confidence"":0.5,""signals"":[],""rationale"":""""}","{""label"":""unknown"",""confidence"":0.5,""style_cues"":[""abbreviations"",""casual""],""rationale"":""Email contains informal language and references to a specific context that is not clearly defined.""}"
65,0065.txt,phishing,manuale,M_P_L_Nigerian_5.csv,2324,non-phishing,0.5000,unknown,0.5000,qwen2.5:7b,http://localhost:11434,,"{""label"":""non-phishing"",""confidence"":0.5,""signals"":[],""rationale"":""""}","{""label"":""unknown"",""confidence"":0.5,""style_cues"":[""emotional appeal"",""financial offer"",""personal hardship""],""rationale"":""The email contains a personal story of hardship and an unexpected financial offer, which is common in phishing scams.""}"
66,0066.txt,phishing,manuale,M_P_L_Nigerian_5.csv,4238,non-phishing,0.5000,unknown,0.5000,qwen2.5:7b,http://localhost:11434,,"{""label"":""non-phishing"",""confidence"":0.5,""signals"":[],""rationale"":""""}","{""label"":""unknown"",""confidence"":0.5,""style_cues"":[""solicits personal information"",""promises financial gain"",""contains spelling and grammatical errors""],""rationale"":""The email contains suspicious elements such as soliciting personal information for a supposed inheritance, promises of financial gain without prior verification, and numerous spelling and grammatical errors. These are common indicators"
67,0067.txt,non-phishing,manuale,M_P_L_Nigerian_5.csv,5479,non-phishing,0.5000,unknown,0.5000,qwen2.5:7b,http://localhost:11434,,"{""label"":""non-phishing"",""confidence"":0.5,""signals"":[],""rationale"":""""}","{""label"":""unknown"",""confidence"":0.5,""style_cues"":[""requesting information"",""technical context""],""rationale"":""The email appears to be part of a technical discussion, possibly related to troubleshooting 3D effects on a Linux system with specific hardware and drivers.""}"
68,0068.txt,non-phishing,manuale,M_P_L_Nigerian_5.csv,6049,non-phishing,0.5000,unknown,0.5000,qwen2.5:7b,http://localhost:11434,,"{""label"":""non-phishing"",""confidence"":0.5,""signals"":[],""rationale"":""""}","{""label"":""unknown"",""confidence"":0.5,""style_cues"":[""formal"",""argumentative""],""rationale"":""The email exchange shows a debate between two individuals regarding the potential impact of mobile phone cameras and instant messaging services (MMS). The tone is formal and argumentative, with both parties presenting their viewpoints on the future of communication technologies.""}"
69,0069.txt,phishing,manuale,M_P_L_Nigerian_5.csv,5111,non-phishing,0.5000,unknown,0.5000,qwen2.5:7b,http://localhost:11434,,"{""label"":""non-phishing"",""confidence"":0.5,""signals"":[],""rationale"":""""}","{""label"":""unknown"",""confidence"":0.5,""style_cues"":[""informal language"",""emotional appeal"",""suspicious content""],""rationale"":""The email contains informal and emotional language, making it suspicious. The sender proposes an unusual financial arrangement without any clear identification or legitimate context.""}"
70,0070.txt,non-phishing,manuale,M_P_L_Nigerian_5.csv,5327,non-phishing,0.5000,unknown,0.5000,qwen2.5:7b,http://localhost:11434,,"{""label"":""non-phishing"",""confidence"":0.5,""signals"":[],""rationale"":""""}","{""label"":""unknown"",""confidence"":0.5,""style_cues"":[""personal_info""],""rationale"":""Email contains personal information about the sender's family members.""}"
71,0071.txt,phishing,manuale,M_P_L_Nigerian_5.csv,2613,non-phishing,0.5000,unknown,0.5000,qwen2.5:7b,http://localhost:11434,,"{""label"":""non-phishing"",""confidence"":0.5,""signals"":[],""rationale"":""""}","{""label"":""unknown"",""confidence"":0.5,""style_cues"":[""urgency"",""emotional appeal"",""confidentiality""],""rationale"":""The email contains common phishing tactics such as urgency, emotional appeal for cooperation, and confidentiality demands. However, there are no clear indicators to definitively label it as AI-generated or manual.""}"
72,0072.txt,phishing,ai,A_P_synthetic_phish.csv,260,non-phishing,0.5000,unknown,0.5000,qwen2.5:7b,http://localhost:11434,,"{""label"":""non-phishing"",""confidence"":0.5,""signals"":[],""rationale"":""""}","{""label"":""unknown"",""confidence"":0.5,""style_cues"":[""informal language"",""personal information""],""rationale"":""The email contains informal language and personal information, but there is not enough context to determine if it was manually or AI-generated.""}"
73,0073.txt,phishing,manuale,M_P_Nazario.csv,478,non-phishing,0.5000,unknown,0.5000,qwen2.5:7b,http://localhost:11434,,"{""label"":""non-phishing"",""confidence"":0.5,""signals"":[],""rationale"":""""}","{""label"":""unknown"",""confidence"":0.5,""style_cues"":[],""rationale"":""""}"
74,0074.txt,non-phishing,ai,A_L_kaggle.csv,885,non-phishing,0.5000,ai-generated,0.8000,qwen2.5:7b,http://localhost:11434,,"{""label"":""non-phishing"",""confidence"":0.5,""signals"":[],""rationale"":""""}","{""label"":""ai-generated"",""confidence"":0.8,""style_cues"":[""formal"",""reminding of payment"",""link provided""],""rationale"":""The email follows a standard professional tone and structure typical of an automated system. It includes a reminder for payment, a link to make the payment, and contact information.""}"
75,0075.txt,phishing,manuale,M_P_L_Nigerian_5.csv,2247,non-phishing,0.5000,unknown,0.5000,qwen2.5:7b,http://localhost:11434,,"{""label"":""non-phishing"",""confidence"":0.5,""signals"":[],""rationale"":""""}","{""label"":""unknown"",""confidence"":0.5,""style_cues"":[""emotional appeal"",""financial gain""],""rationale"":""The email contains a high emotional appeal and promises financial gain, which are common characteristics of phishing scams.""}"
76,0076.txt,non-phishing,manuale,M_P_L_Nigerian_5.csv,298,non-phishing,0.5000,ai-generated,0.8000,qwen2.5:7b,http://localhost:11434,,"{""label"":""non-phishing"",""confidence"":0.5,""signals"":[],""rationale"":""""}","{""label"":""ai-generated"",""confidence"":0.8,""style_cues"":[""professional"",""informal""],""rationale"":""Email body provides information about training programs and includes a personal note for follow-up.""}"
77,0077.txt,non-phishing,ai,A_L_kaggle.csv,957,non-phishing,0.5000,ai-generated,0.8000,qwen2.5:7b,http://localhost:11434,,"{""label"":""non-phishing"",""confidence"":0.5,""signals"":[],""rationale"":""""}","{""label"":""ai-generated"",""confidence"":0.8,""style_cues"":[""formal"",""professional"",""informative""],""rationale"":""The email follows a formal tone and provides informative content typical of an AI-generated message.""}"
78,0078.txt,non-phishing,manuale,M_P_L_Nigerian_5.csv,1174,non-phishing,0.8000,unknown,0.5000,qwen2.5:7b,http://localhost:11434,,"{""label"":""non-phishing"",""confidence"":0.8,""signals"":[],""rationale"":""""}","{""label"":""unknown"",""confidence"":0.5,""style_cues"":[],""rationale"":""""}"
79,0079.txt,non-phishing,ai,A_L_kaggle.csv,756,non-phishing,0.5000,ai-generated,0.8000,qwen2.5:7b,http://localhost:11434,,"{""label"":""non-phishing"",""confidence"":0.5,""signals"":[],""rationale"":""""}","{""label"":""ai-generated"",""confidence"":0.8,""style_cues"":[""formal"",""urgent"",""call_to_action""],""rationale"":""The email has a formal tone and an urgent call to action. It includes a link for ticket purchase.""}"
80,0080.txt,phishing,ai,A_P_synthetic_phish.csv,1991,non-phishing,0.5000,unknown,0.5000,qwen2.5:7b,http://localhost:11434,,"{""label"":""non-phishing"",""confidence"":0.5,""signals"":[],""rationale"":""""}","{""label"":""unknown"",""confidence"":0.5,""style_cues"":[""informative"",""request for action"",""signature""],""rationale"":""The email lacks clear indication of manual or AI generation and contains generic placeholders.""}"
81,0081.txt,non-phishing,manuale,M_P_L_Nigerian_5.csv,1740,non-phishing,0.5000,unknown,0.5000,qwen2.5:7b,http://localhost:11434,,"{""label"":""non-phishing"",""confidence"":0.5,""signals"":[],""rationale"":""""}","{""label"":""unknown"",""confidence"":0.5,""style_cues"":[""inquiry"",""theoretical""],""rationale"":""The email seeks theoretical methods for finding peaks in periodograms and mentions a specific example. The style is academic and inquisitive.""}"
82,0082.txt,phishing,manuale,M_P_Nazario.csv,307,non-phishing,0.6000,unknown,0.5000,qwen2.5:7b,http://localhost:11434,,"{""label"":""non-phishing"",""confidence"":0.6,""signals"":[""HTML format"",""storage space warning""],""rationale"":""The email warns about storage space but does not contain suspicious links or urgent threats typical of phishing.""}","{""label"":""unknown"",""confidence"":0.5,""style_cues"":[""urgent"",""promotional""],""rationale"":""The email is urgent, prompting immediate action to avoid account suspension. It also offers free storage space as a promotional incentive.""}"
83,0083.txt,non-phishing,manuale,M_P_L_Nigerian_5.csv,301,non-phishing,0.5000,unknown,0.5000,qwen2.5:7b,http://localhost:11434,,"{""label"":""non-phishing"",""confidence"":0.5,""signals"":[],""rationale"":""""}","{""label"":""unknown"",""confidence"":0.5,""style_cues"":[""formal"",""technical""],""rationale"":""The email discusses technical details and financial projections related to pipeline projects, but lacks clear indicators of manual or AI generation.""}"
84,0084.txt,phishing,manuale,M_P_Nazario.csv,614,non-phishing,0.6000,unknown,0.5000,qwen2.5:7b,http://localhost:11434,,"{""label"":""non-phishing"",""confidence"":0.6,""signals"":[],""rationale"":""""}","{""label"":""unknown"",""confidence"":0.5,""style_cues"":[""informative"",""generic""],""rationale"":""The email template is generic and lacks specific personalization or branding that would indicate it was manually crafted.""}"
85,0085.txt,non-phishing,ai,A_L_kaggle.csv,483,non-phishing,0.5000,ai-generated,0.8000,qwen2.5:7b,http://localhost:11434,,"{""label"":""non-phishing"",""confidence"":0.5,""signals"":[],""rationale"":""""}","{""label"":""ai-generated"",""confidence"":0.8,""style_cues"":[""professional"",""formal"",""request for action"",""link provided""],""rationale"":""The email follows a formal tone and requests an action from the recipient. It includes a link to update security information.""}"
86,0086.txt,non-phishing,manuale,M_P_L_Nigerian_5.csv,5147,non-phishing,0.5000,unknown,0.5000,qwen2.5:7b,http://localhost:11434,,"{""label"":""non-phishing"",""confidence"":0.5,""signals"":[],""rationale"":""""}","{""label"":""unknown"",""confidence"":0.5,""style_cues"":[""technical"",""argumentative""],""rationale"":""Technical discussion on Linux vs Windows security without clear manual or AI generation cues.""}"
87,0087.txt,non-phishing,manuale,M_P_L_Nigerian_5.csv,5614,non-phishing,0.8000,unknown,0.7000,qwen2.5:7b,http://localhost:11434,,"{""label"":""non-phishing"",""confidence"":0.8,""signals"":[],""rationale"":""""}","{""label"":""unknown"",""confidence"":0.7,""style_cues"":[""technical"",""informative""],""rationale"":""The email discusses technical details of a code merge and new application, but the writing style is not clearly indicative of manual or AI generation.""}"
88,0088.txt,phishing,manuale,M_P_L_Nigerian_5.csv,4806,non-phishing,0.5000,unknown,0.5000,qwen2.5:7b,http://localhost:11434,,"{""label"":""non-phishing"",""confidence"":0.5,""signals"":[],""rationale"":""""}","{""label"":""unknown"",""confidence"":0.5,""style_cues"":[""unsolicited offer"",""solicits personal information""],""rationale"":""The email appears to be a solicitation for personal financial assistance without clear indication of its origin or legitimacy. It requests sensitive personal details and offers vague job terms.""}"
89,0089.txt,phishing,manuale,M_P_L_Nigerian_5.csv,3822,non-phishing,0.5000,unknown,0.6000,qwen2.5:7b,http://localhost:11434,,"{""label"":""non-phishing"",""confidence"":0.5,""signals"":[],""rationale"":""""}","{""label"":""unknown"",""confidence"":0.6,""style_cues"":[""Generic greeting"",""Unusual subject line"",""Request for personal information""],""rationale"":""The email contains a generic greeting and an unusual subject line. It also requests personal information without a clear reason or context.""}"
90,0090.txt,phishing,manuale,M_P_L_Nigerian_5.csv,2424,non-phishing,0.5000,unknown,0.5000,qwen2.5:7b,http://localhost:11434,,"{""label"":""non-phishing"",""confidence"":0.5,""signals"":[],""rationale"":""""}","{""label"":""unknown"",""confidence"":0.5,""style_cues"":[""exaggerated language"",""emotional appeal"",""request for assistance""],""rationale"":""The email contains typical characteristics of a phishing scam, such as an urgent request for help and the promise of significant financial reward in exchange for assistance.""}"
91,0091.txt,non-phishing,ai,A_L_kaggle.csv,175,non-phishing,0.5000,unknown,0.5000,qwen2.5:7b,http://localhost:11434,,"{""label"":""non-phishing"",""confidence"":0.5,""signals"":[],""rationale"":""""}","{""label"":""unknown"",""confidence"":0.5,""style_cues"":[""informal_greeting"",""prize_winner"",""call_to_action""],""rationale"":""The email appears to be a standard promotional message with a call to action for verification and shipping details. The sender's name is provided, but there are no clear indicators of manual or AI generation.""}"
92,0092.txt,non-phishing,manuale,M_P_L_Nigerian_5.csv,5410,non-phishing,0.5000,unknown,0.5000,qwen2.5:7b,http://localhost:11434,,"{""label"":""non-phishing"",""confidence"":0.5,""signals"":[],""rationale"":""""}","{""label"":""unknown"",""confidence"":0.5,""style_cues"":[],""rationale"":""""}"
93,0093.txt,non-phishing,manuale,M_P_L_Nigerian_5.csv,5935,non-phishing,0.5000,unknown,0.5000,qwen2.5:7b,http://localhost:11434,,"{""label"":""non-phishing"",""confidence"":0.5,""signals"":[],""rationale"":""""}","{""label"":""unknown"",""confidence"":0.5,""style_cues"":[],""rationale"":""""}"
94,0094.txt,phishing,manuale,M_P_L_Nigerian_5.csv,3582,non-phishing,0.5000,unknown,0.5000,qwen2.5:7b,http://localhost:11434,,"{""label"":""non-phishing"",""confidence"":0.5,""signals"":[],""rationale"":""""}","{""label"":""unknown"",""confidence"":0.5,""style_cues"":[""formal"",""salesy""],""rationale"":""The email is formal and sales-oriented but lacks clear indicators of being manually or AI-generated.""}"
95,0095.txt,phishing,manuale,M_P_Nazario.csv,394,non-phishing,0.5000,unknown,0.5000,qwen2.5:7b,http://localhost:11434,,"{""label"":""non-phishing"",""confidence"":0.5,""signals"":[],""rationale"":""""}","{""label"":""unknown"",""confidence"":0.5,""style_cues"":[""click"",""secured message""],""rationale"":""Potential phishing attempt due to generic alert and click-to-view link.""}"
96,0096.txt,phishing,ai,A_P_synthetic_phish.csv,769,non-phishing,0.5000,unknown,0.5000,qwen2.5:7b,http://localhost:11434,,"{""label"":""non-phishing"",""confidence"":0.5,""signals"":[],""rationale"":""""}","{""label"":""unknown"",""confidence"":0.5,""style_cues"":[""urgent"",""financial""],""rationale"":""The email contains an urgent message and mentions a large sum of money, which could be a phishing attempt.""}"
97,0097.txt,non-phishing,manuale,M_P_L_Nigerian_5.csv,439,non-phishing,0.5000,unknown,0.5000,qwen2.5:7b,http://localhost:11434,,"{""label"":""non-phishing"",""confidence"":0.5,""signals"":[],""rationale"":""""}","{""label"":""unknown"",""confidence"":0.5,""style_cues"":[""Formal"",""Professional""],""rationale"":""The email contains detailed and formal communication about stock option plans, but the context is unclear without additional information.""}"
98,0098.txt,non-phishing,manuale,M_P_L_Nigerian_5.csv,1033,,0.0000,,0.0000,qwen2.5:7b,http://localhost:11434,phish_invalid_or_parse_failed;origin_invalid_or_parse_failed,"__ERROR__: HTTPConnectionPool(host='localhost', port=11434): Read timed out. (read timeout=120)","__ERROR__: HTTPConnectionPool(host='localhost', port=11434): Read timed out. (read timeout=120)"
99,0099.txt,phishing,manuale,M_P_L_Nigerian_5.csv,3384,non-phishing,0.5000,unknown,0.5000,qwen2.5:7b,http://localhost:11434,,"{""label"":""non-phishing"",""confidence"":0.5,""signals"":[],""rationale"":""""}","{""label"":""unknown"",""confidence"":0.5,""style_cues"":[""urgent language"",""personal appeal"",""attorney contact""],""rationale"":""The email uses urgent and personal language, includes an attorney's contact information, and requests a response to release funds.""}"
100,0100.txt,phishing,ai,A_P_synthetic_phish.csv,2398,non-phishing,0.5000,unknown,0.5000,qwen2.5:7b,http://localhost:11434,,"{""label"":""non-phishing"",""confidence"":0.5,""signals"":[],""rationale"":""""}","{""label"":""unknown"",""confidence"":0.5,""style_cues"":[""contact information"",""confirmation code""],""rationale"":""Email contains contact details and a confirmation code, but lacks context for manual or AI generation.""}"
101,0101.txt,phishing,manuale,M_P_Nazario.csv,10,non-phishing,0.5000,unknown,0.5000,qwen2.5:7b,http://localhost:11434,,"{""label"":""non-phishing"",""confidence"":0.5,""signals"":[],""rationale"":""""}","{""label"":""unknown"",""confidence"":0.5,""style_cues"":[""informative"",""promotional""],""rationale"":""The email contains promotional content and informative language but lacks clear indication of manual or AI generation.""}"
102,0102.txt,phishing,ai,A_P_synthetic_phish.csv,2106,non-phishing,0.5000,unknown,0.5000,qwen2.5:7b,http://localhost:11434,,"{""label"":""non-phishing"",""confidence"":0.5,""signals"":[],""rationale"":""""}","{""label"":""unknown"",""confidence"":0.5,""style_cues"":[""informative"",""technical""],""rationale"":""Message alerts about mailbox validation for security reasons.""}"
103,0103.txt,non-phishing,manuale,M_P_L_Nigerian_5.csv,6330,non-phishing,0.5000,unknown,0.5000,qwen2.5:7b,http://localhost:11434,,"{""label"":""non-phishing"",""confidence"":0.5,""signals"":[],""rationale"":""""}","{""label"":""unknown"",""confidence"":0.5,""style_cues"":[""informal"",""religious"",""historical""],""rationale"":""The email discusses religious practices and historical events in a casual tone, without clear indication of manual or AI generation.""}"
104,0104.txt,phishing,manuale,M_P_L_Nigerian_5.csv,3805,non-phishing,0.5000,unknown,0.5000,qwen2.5:7b,http://localhost:11434,,"{""label"":""non-phishing"",""confidence"":0.5,""signals"":[],""rationale"":""""}","{""label"":""unknown"",""confidence"":0.5,""style_cues"":[""informal_greeting"",""praying_for_help"",""financial_assistance_request""],""rationale"":""The email contains typical characteristics of a scam, including an urgent request for financial assistance and promises of high returns in exchange for help moving money.""}"
105,0105.txt,non-phishing,manuale,M_P_L_Nigerian_5.csv,6191,non-phishing,0.5000,unknown,0.5000,qwen2.5:7b,http://localhost:11434,,"{""label"":""non-phishing"",""confidence"":0.5,""signals"":[""URL in signature""],""rationale"":""Email contains a generic URL in the signature but no other suspicious elements.""}","{""label"":""unknown"",""confidence"":0.5,""style_cues"":[""formal"",""academic""],""rationale"":""Email discusses historical and cultural perspectives on relationships and innovation, questioning traditional views.""}"
106,0106.txt,phishing,manuale,M_P_L_Nigerian_5.csv,2278,non-phishing,0.5000,unknown,0.5000,qwen2.5:7b,http://localhost:11434,,"{""label"":""non-phishing"",""confidence"":0.5,""signals"":[],""rationale"":""""}","{""label"":""unknown"",""confidence"":0.5,""style_cues"":[""solicitation"",""confidentiality""],""rationale"":""The email text is suspicious and appears to be a common scam, but there's not enough context to definitively label it as 'ai-generated' or 'manual'.""}"
107,0107.txt,phishing,ai,A_P_synthetic_phish.csv,3773,non-phishing,0.5000,unknown,0.5000,qwen2.5:7b,http://localhost:11434,,"{""label"":""non-phishing"",""confidence"":0.5,""signals"":[],""rationale"":""""}","{""label"":""unknown"",""confidence"":0.5,""style_cues"":[""informative"",""system-related""],""rationale"":""System notification regarding account expiration.""}"
108,0108.txt,non-phishing,manuale,M_P_L_Nigerian_5.csv,612,non-phishing,0.6000,unknown,0.5000,qwen2.5:7b,http://localhost:11434,,"{""label"":""non-phishing"",""confidence"":0.6,""signals"":[],""rationale"":""""}","{""label"":""unknown"",""confidence"":0.5,""style_cues"":[""personal recommendation"",""informal tone""],""rationale"":""The email contains a personal recommendation for a software tool and an informal tone.""}"
109,0109.txt,phishing,ai,A_P_synthetic_phish.csv,2946,non-phishing,0.5000,unknown,0.5000,qwen2.5:7b,http://localhost:11434,,"{""label"":""non-phishing"",""confidence"":0.5,""signals"":[],""rationale"":""""}","{""label"":""unknown"",""confidence"":0.5,""style_cues"":[""bullet points"",""abbreviations""],""rationale"":""Email contains generic security update information with no distinctive style or content clues.""}"
110,0110.txt,phishing,ai,A_P_synthetic_phish.csv,1630,non-phishing,0.5000,unknown,0.5000,qwen2.5:7b,http://localhost:11434,,"{""label"":""non-phishing"",""confidence"":0.5,""signals"":[""automatically generated message"",""account abolition""],""rationale"":""The email appears to be an automated system notification rather than a phishing attempt. However, the language used is concerning and could potentially be misleading.""}","{""label"":""unknown"",""confidence"":0.5,""style_cues"":[""automatically generated"",""account abolition""],""rationale"":""Automated system notification with account termination threat.""}"
111,0111.txt,phishing,manuale,M_P_L_Nigerian_5.csv,2871,phishing,0.8000,unknown,0.5000,qwen2.5:7b,http://localhost:11434,,"{""label"":""phishing"",""confidence"":0.8,""signals"":[""Request for personal financial assistance"",""Confidentiality and urgency""],""rationale"":""The email requests a personal financial transaction involving a large sum of money, which is a common phishing tactic. The sender also emphasizes confidentiality and urgency, typical of such scams.""}","{""label"":""unknown"",""confidence"":0.5,""style_cues"":[""Formal"",""Confidential""],""rationale"":""The email contains confidential information and a business proposal for transferring funds, but the sender's intent appears suspicious due to the nature of the request.""}"
112,0112.txt,non-phishing,manuale,M_P_L_Nigerian_5.csv,968,non-phishing,0.5000,unknown,0.5000,qwen2.5:7b,http://localhost:11434,,"{""label"":""non-phishing"",""confidence"":0.5,""signals"":[],""rationale"":""""}","{""label"":""unknown"",""confidence"":0.5,""style_cues"":[""informal"",""technical""],""rationale"":""The email is informal and technical, discussing a personal experience with ftpfs and seeking advice on reporting a potential bug.""}"
113,0113.txt,non-phishing,ai,A_L_kaggle.csv,323,non-phishing,0.8000,unknown,0.5000,qwen2.5:7b,http://localhost:11434,,"{""label"":""non-phishing"",""confidence"":0.8,""signals"":[],""rationale"":""""}","{""label"":""unknown"",""confidence"":0.5,""style_cues"":[""invitational"",""promotional""],""rationale"":""The email is promotional in nature and invites the recipient to an event, but there are no clear indicators of whether it was manually or AI-generated.""}"
114,0114.txt,phishing,ai,A_P_synthetic_phish.csv,2374,non-phishing,0.5000,unknown,0.5000,qwen2.5:7b,http://localhost:11434,,"{""label"":""non-phishing"",""confidence"":0.5,""signals"":[],""rationale"":""""}","{""label"":""unknown"",""confidence"":0.5,""style_cues"":[""apologetic tone"",""informal language""],""rationale"":""The email has an informal and apologetic tone but lacks specific details or formal structure.""}"
115,0115.txt,non-phishing,manuale,M_P_L_Nigerian_5.csv,5418,non-phishing,0.5000,ai-generated,0.8000,qwen2.5:7b,http://localhost:11434,,"{""label"":""non-phishing"",""confidence"":0.5,""signals"":[],""rationale"":""""}","{""label"":""ai-generated"",""confidence"":0.8,""style_cues"":[""technical"",""code""],""rationale"":""The email contains a detailed log of changes in a Python script, discussing technical details and code modifications related to plugin configuration.""}"
116,0116.txt,phishing,ai,A_P_synthetic_phish.csv,244,non-phishing,0.5000,unknown,0.5000,qwen2.5:7b,http://localhost:11434,,"{""label"":""non-phishing"",""confidence"":0.5,""signals"":[],""rationale"":""""}","{""label"":""unknown"",""confidence"":0.5,""style_cues"":[""copyright notice""],""rationale"":""Short text with a standard copyright notice.""}"
117,0117.txt,phishing,manuale,M_P_L_Nigerian_5.csv,4743,non-phishing,0.5000,unknown,0.5000,qwen2.5:7b,http://localhost:11434,,"{""label"":""non-phishing"",""confidence"":0.5,""signals"":[],""rationale"":""""}","{""label"":""unknown"",""confidence"":0.5,""style_cues"":[""urgent"",""proposition""],""rationale"":""Urgent language and business proposition without clear sender identity.""}"
118,0118.txt,non-phishing,manuale,M_P_L_Nigerian_5.csv,6055,non-phishing,0.5000,unknown,0.5000,qwen2.5:7b,http://localhost:11434,,"{""label"":""non-phishing"",""confidence"":0.5,""signals"":[],""rationale"":""""}","{""label"":""unknown"",""confidence"":0.5,""style_cues"":[""informal"",""citation""],""rationale"":""Contains multiple references and quotes, but the overall content is not clearly manual or AI-generated.""}"
119,0119.txt,non-phishing,ai,A_L_kaggle.csv,103,non-phishing,0.8000,ai-generated,0.8000,qwen2.5:7b,http://localhost:11434,,"{""label"":""non-phishing"",""confidence"":0.8,""signals"":[],""rationale"":""""}","{""label"":""ai-generated"",""confidence"":0.8,""style_cues"":[""formal"",""informative"",""promotional""],""rationale"":""The email is formal in tone, provides informative content about health resources, and has a promotional nature to encourage engagement with the provided links.""}"
120,0120.txt,phishing,manuale,M_P_Nazario.csv,1087,non-phishing,0.5000,unknown,0.5000,qwen2.5:7b,http://localhost:11434,,"{""label"":""non-phishing"",""confidence"":0.5,""signals"":[],""rationale"":""""}","{""label"":""unknown"",""confidence"":0.5,""style_cues"":[""shared via email"",""call to action""],""rationale"":""Email subject and body indicate a shared file through SharePoint, prompting the recipient to click a link.""}"
121,0121.txt,non-phishing,ai,A_L_kaggle.csv,415,non-phishing,0.5000,unknown,0.5000,qwen2.5:7b,http://localhost:11434,,"{""label"":""non-phishing"",""confidence"":0.5,""signals"":[],""rationale"":""""}","{""label"":""unknown"",""confidence"":0.5,""style_cues"":[""professional"",""invitational"",""promotional""],""rationale"":""Invites the recipient to join a community for discussions on various topics. The email is formal and aims to engage the reader by mentioning other members.""}"
122,0122.txt,non-phishing,manuale,M_P_L_Nigerian_5.csv,5728,non-phishing,0.5000,unknown,0.5000,qwen2.5:7b,http://localhost:11434,,"{""label"":""non-phishing"",""confidence"":0.5,""signals"":[],""rationale"":""""}","{""label"":""unknown"",""confidence"":0.5,""style_cues"":[""informal language"",""use of abbreviations""],""rationale"":""The email content is technical but lacks clear indication of manual or AI generation; the style is informal with use of abbreviations.""}"
123,0123.txt,phishing,ai,A_P_synthetic_phish.csv,2510,non-phishing,0.5000,unknown,0.5000,qwen2.5:7b,http://localhost:11434,,"{""label"":""non-phishing"",""confidence"":0.5,""signals"":[],""rationale"":""""}","{""label"":""unknown"",""confidence"":0.5,""style_cues"":[""URL"",""ACTIONABLE""],""rationale"":""Email contains a URL and encourages swift action.""}"
124,0124.txt,phishing,manuale,M_P_L_Nigerian_5.csv,2286,non-phishing,0.5000,unknown,0.5000,qwen2.5:7b,http://localhost:11434,,"{""label"":""non-phishing"",""confidence"":0.5,""signals"":[],""rationale"":""""}","{""label"":""unknown"",""confidence"":0.5,""style_cues"":[""formal"",""urgent""],""rationale"":""The email text is highly suspicious and appears to be a phishing attempt, but the content does not clearly indicate if it was manually crafted or AI-generated.""}"
125,0125.txt,non-phishing,manuale,M_P_L_Nigerian_5.csv,6271,non-phishing,0.5000,unknown,0.5000,qwen2.5:7b,http://localhost:11434,,"{""label"":""non-phishing"",""confidence"":0.5,""signals"":[],""rationale"":""""}","{""label"":""unknown"",""confidence"":0.5,""style_cues"":[""casual tone"",""conflict resolution""],""rationale"":""The email appears to be a reply discussing statistical concepts and personal behavior, with some underlying disagreement. The sender seems to be clarifying their stance and addressing the recipient's concerns.""}"
126,0126.txt,non-phishing,manuale,M_P_L_Nigerian_5.csv,636,non-phishing,0.5000,unknown,0.5000,qwen2.5:7b,http://localhost:11434,,"{""label"":""non-phishing"",""confidence"":0.5,""signals"":[],""rationale"":""""}","{""label"":""unknown"",""confidence"":0.5,""style_cues"":[],""rationale"":""""}"
127,0127.txt,phishing,ai,A_P_synthetic_phish.csv,649,phishing,0.9000,unknown,0.5000,qwen2.5:7b,http://localhost:11434,,"{""label"":""phishing"",""confidence"":0.9,""signals"":[""urgent action required"",""sensitive information requested""],""rationale"":""The email demands immediate response and requests sensitive information such as password, which are typical phishing tactics.""}","{""label"":""unknown"",""confidence"":0.5,""style_cues"":[""request for personal information"",""urgent action required""],""rationale"":""The email requests sensitive user information and has a sense of urgency.""}"
128,0128.txt,phishing,manuale,M_P_L_Nigerian_5.csv,2300,non-phishing,0.5000,unknown,0.5000,qwen2.5:7b,http://localhost:11434,,"{""label"":""non-phishing"",""confidence"":0.5,""signals"":[],""rationale"":""""}","{""label"":""unknown"",""confidence"":0.5,""style_cues"":[""informal language"",""emotional appeal"",""request for assistance""],""rationale"":""The email contains typical characteristics of a phishing scam, including an emotional appeal and a request for assistance with money.""}"
129,0129.txt,non-phishing,manuale,M_P_L_Nigerian_5.csv,1173,non-phishing,0.5000,unknown,0.5000,qwen2.5:7b,http://localhost:11434,,"{""label"":""non-phishing"",""confidence"":0.5,""signals"":[],""rationale"":""""}","{""label"":""unknown"",""confidence"":0.5,""style_cues"":[],""rationale"":""""}"
130,0130.txt,non-phishing,manuale,M_P_L_Nigerian_5.csv,5408,non-phishing,0.5000,unknown,0.5000,qwen2.5:7b,http://localhost:11434,,"{""label"":""non-phishing"",""confidence"":0.5,""signals"":[],""rationale"":""""}","{""label"":""unknown"",""confidence"":0.5,""style_cues"":[""formal"",""academic""],""rationale"":""The email text is formal and academic in nature, related to a conference call for papers. However, there are no clear indicators to classify it as manually or AI-generated.""}"
131,0131.txt,non-phishing,manuale,M_P_L_Nigerian_5.csv,1290,non-phishing,0.5000,ai-generated,0.8000,qwen2.5:7b,http://localhost:11434,,"{""label"":""non-phishing"",""confidence"":0.5,""signals"":[],""rationale"":""""}","{""label"":""ai-generated"",""confidence"":0.8,""style_cues"":[""technical"",""informative""],""rationale"":""The email contains technical information about plotting geographic data using R functions, which is typical of an automated response or generated content.""}"
132,0132.txt,phishing,manuale,M_P_Nazario.csv,595,non-phishing,0.5000,unknown,0.5000,qwen2.5:7b,http://localhost:11434,,"{""label"":""non-phishing"",""confidence"":0.5,""signals"":[],""rationale"":""""}","{""label"":""unknown"",""confidence"":0.5,""style_cues"":[""repeated_content""],""rationale"":""The email contains repeated content and lacks a clear call-to-action or specific instructions.""}"
133,0133.txt,phishing,manuale,M_P_L_Nigerian_5.csv,3394,non-phishing,0.5000,unknown,0.5000,qwen2.5:7b,http://localhost:11434,,"{""label"":""non-phishing"",""confidence"":0.5,""signals"":[],""rationale"":""""}","{""label"":""unknown"",""confidence"":0.5,""style_cues"":[""generic business language"",""soliciting partnership"",""promising high returns""],""rationale"":""The email uses generic business language and solicits a partnership for a lucrative investment opportunity, promising high returns but lacks specific details or context to confidently label it as AI-generated.""}"
134,0134.txt,phishing,ai,A_P_synthetic_phish.csv,375,non-phishing,0.6000,unknown,0.5000,qwen2.5:7b,http://localhost:11434,,"{""label"":""non-phishing"",""confidence"":0.6,""signals"":[""request to view document via Google Docs"",""informal language""],""rationale"":""The email requests the recipient to view a document via Google Docs, which is a legitimate request. The language and structure are informal but do not indicate any suspicious activity.""}","{""label"":""unknown"",""confidence"":0.5,""style_cues"":[""URL"",""exclamation""],""rationale"":""Contains URLs and an exclamation, but context is unclear.""}"
135,0135.txt,non-phishing,manuale,M_P_L_Nigerian_5.csv,6009,non-phishing,0.5000,unknown,0.5000,qwen2.5:7b,http://localhost:11434,,"{""label"":""non-phishing"",""confidence"":0.5,""signals"":[],""rationale"":""""}","{""label"":""unknown"",""confidence"":0.5,""style_cues"":[""informal"",""technical""],""rationale"":""The email appears to be a technical discussion about an issue with building a package, but the label and rationale are based solely on the provided text without additional context.""}"
136,0136.txt,phishing,manuale,M_P_L_Nigerian_5.csv,2618,non-phishing,0.5000,unknown,0.5000,qwen2.5:7b,http://localhost:11434,,"{""label"":""non-phishing"",""confidence"":0.5,""signals"":[],""rationale"":""""}","{""label"":""unknown"",""confidence"":0.5,""style_cues"":[""Generic salutation"",""Request for urgent attention"",""Confidentiality emphasis""],""rationale"":""The email uses a generic greeting and emphasizes confidentiality, but the content is suspicious due to the request for financial assistance without any verifiable details.""}"
137,0137.txt,phishing,manuale,M_P_Nazario.csv,1446,non-phishing,0.6000,unknown,0.5000,qwen2.5:7b,http://localhost:11434,,"{""label"":""non-phishing"",""confidence"":0.6,""signals"":[""template language"",""benign subject line"",""verifying account""],""rationale"":""The email uses a generic template and a benign subject line. The instructions are for verifying the account rather than providing sensitive information.""}","{""label"":""unknown"",""confidence"":0.5,""style_cues"":[""informative language"",""promotional content"",""security warning""],""rationale"":""The email text is informative about unusual activity detection but lacks clear indication of manual or AI generation.""}"
138,0138.txt,non-phishing,manuale,M_P_L_Nigerian_5.csv,5597,non-phishing,0.5000,ai-generated,0.8000,qwen2.5:7b,http://localhost:11434,,"{""label"":""non-phishing"",""confidence"":0.5,""signals"":[],""rationale"":""""}","{""label"":""ai-generated"",""confidence"":0.8,""style_cues"":[""technical"",""query""],""rationale"":""The email discusses technical queries about postfix configuration and does not contain personal data or links.""}"
139,0139.txt,phishing,manuale,M_P_L_Nigerian_5.csv,2903,non-phishing,0.5000,unknown,0.5000,qwen2.5:7b,http://localhost:11434,,"{""label"":""non-phishing"",""confidence"":0.5,""signals"":[],""rationale"":""""}","{""label"":""unknown"",""confidence"":0.5,""style_cues"":[""emotional appeal"",""confidentiality"",""urgency""],""rationale"":""The email contains common characteristics of a phishing scam, such as emotional appeal, emphasis on confidentiality and urgency, but lacks specific personal details that would allow for a definitive classification.""}"
140,0140.txt,non-phishing,manuale,M_P_L_Nigerian_5.csv,5653,non-phishing,0.8000,unknown,0.8000,qwen2.5:7b,http://localhost:11434,,"{""label"":""non-phishing"",""confidence"":0.8,""signals"":[],""rationale"":""""}","{""label"":""unknown"",""confidence"":0.8,""style_cues"":[],""rationale"":""""}"
141,0141.txt,phishing,ai,A_P_synthetic_phish.csv,852,non-phishing,0.5000,unknown,0.5000,qwen2.5:7b,http://localhost:11434,,"{""label"":""non-phishing"",""confidence"":0.5,""signals"":[],""rationale"":""""}","{""label"":""unknown"",""confidence"":0.5,""style_cues"":[""urgent"",""contains link""],""rationale"":""The email is urgent and contains a clickable link, but there are no clear indicators of manual or AI generation.""}"
142,0142.txt,non-phishing,manuale,M_P_L_Nigerian_5.csv,1160,non-phishing,0.5000,unknown,0.5000,qwen2.5:7b,http://localhost:11434,,"{\n    ""label"": ""non-phishing"",\n    ""confidence"": 0.5,\n    ""signals"": [],\n    ""rationale"": """"\n}","{""label"":""unknown"",""confidence"":0.5,""style_cues"":[],""rationale"":""""}"
143,0143.txt,phishing,ai,A_P_synthetic_phish.csv,803,non-phishing,0.5000,unknown,0.5000,qwen2.5:7b,http://localhost:11434,,"{""label"":""non-phishing"",""confidence"":0.5,""signals"":[],""rationale"":""""}","{""label"":""unknown"",""confidence"":0.5,""style_cues"":[""apologetic tone"",""abbreviations""],""rationale"":""The email contains an apology and mentions Blackboard services, but lacks specific details or a clear task.""}"
144,0144.txt,phishing,manuale,M_P_L_Nigerian_5.csv,2849,non-phishing,0.5000,unknown,0.5000,qwen2.5:7b,http://localhost:11434,,"{""label"":""non-phishing"",""confidence"":0.5,""signals"":[],""rationale"":""""}","{""label"":""unknown"",""confidence"":0.5,""style_cues"":[""informal language"",""suspicious content""],""rationale"":""The email contains informal language and suspicious content regarding a large sum of money with unclear legal status, which could indicate potential fraud.""}"
145,0145.txt,phishing,ai,A_P_synthetic_phish.csv,2545,non-phishing,0.5000,unknown,0.5000,qwen2.5:7b,http://localhost:11434,,"{""label"":""non-phishing"",""confidence"":0.5,""signals"":[],""rationale"":""""}","{""label"":""unknown"",""confidence"":0.5,""style_cues"":[""automated message"",""short and abrupt""],""rationale"":""Short text with automated message style, lacking clear intent or context.""}"
146,0146.txt,phishing,manuale,M_P_Nazario.csv,811,non-phishing,0.5000,unknown,0.5000,qwen2.5:7b,http://localhost:11434,,"{""label"":""non-phishing"",""confidence"":0.5,""signals"":[],""rationale"":""""}","{""label"":""unknown"",""confidence"":0.5,""style_cues"":[""repeated_content"",""informative_subject_line""],""rationale"":""The email contains a repeated message and an informative subject line.""}"
147,0147.txt,non-phishing,manuale,M_P_L_Nigerian_5.csv,781,non-phishing,0.5000,unknown,0.5000,qwen2.5:7b,http://localhost:11434,,"{""label"":""non-phishing"",""confidence"":0.5,""signals"":[],""rationale"":""""}","{""label"":""unknown"",""confidence"":0.5,""style_cues"":[""informal"",""seeking advice""],""rationale"":""Seeking technical assistance for a recurring hardware issue; tone is informal and seeking suggestions.""}"
148,0148.txt,phishing,manuale,M_P_Nazario.csv,724,non-phishing,0.5000,unknown,0.5000,qwen2.5:7b,http://localhost:11434,,"{""label"":""non-phishing"",""confidence"":0.5,""signals"":[],""rationale"":""""}","{""label"":""unknown"",""confidence"":0.5,""style_cues"":[""informative"",""urgent"",""security""],""rationale"":""The email contains generic security language and an unclear reference to 'unidentified informations'. It may be legitimate but lacks specific details.""}"
149,0149.txt,phishing,ai,A_P_synthetic_phish.csv,720,non-phishing,0.5000,ai-generated,0.8000,qwen2.5:7b,http://localhost:11434,,"{""label"":""non-phishing"",""confidence"":0.5,""signals"":[],""rationale"":""""}","{""label"":""ai-generated"",""confidence"":0.8,""style_cues"":[""automatically dispatched"",""security system"",""DO NOT REPLY""],""rationale"":""Automated dispatch, mentions security system, instructs not to reply.""}"
150,0150.txt,non-phishing,manuale,M_P_L_Nigerian_5.csv,5773,non-phishing,0.5000,unknown,0.5000,qwen2.5:7b,http://localhost:11434,,"{""label"":""non-phishing"",""confidence"":0.5,""signals"":[],""rationale"":""""}","{""label"":""unknown"",""confidence"":0.5,""style_cues"":[""technical"",""informative""],""rationale"":""Technical advice provided with specific commands and configuration details.""}"
151,0151.txt,phishing,manuale,M_P_Nazario.csv,1141,non-phishing,0.5000,unknown,0.5000,qwen2.5:7b,http://localhost:11434,,"{""label"":""non-phishing"",""confidence"":0.5,""signals"":[],""rationale"":""""}","{""label"":""unknown"",""confidence"":0.5,""style_cues"":[""warning message"",""subscription cancellation""],""rationale"":""The email content appears to be a system notification regarding mailbox space issues, but the sender's identity is unclear.""}"
152,0152.txt,phishing,manuale,M_P_L_Nigerian_5.csv,3862,non-phishing,0.5000,unknown,0.5000,qwen2.5:7b,http://localhost:11434,,"{""label"":""non-phishing"",""confidence"":0.5,""signals"":[],""rationale"":""""}","{""label"":""unknown"",""confidence"":0.5,""style_cues"":[""emotional appeal"",""financial incentive"",""urgent need""],""rationale"":""The email contains typical characteristics of a fraud attempt, including an emotional plea for help, mention of a large sum of money, and urgency to act quickly.""}"
153,0153.txt,non-phishing,manuale,M_P_L_Nigerian_5.csv,5290,non-phishing,0.5000,unknown,0.5000,qwen2.5:7b,http://localhost:11434,,"{""label"":""non-phishing"",""confidence"":0.5,""signals"":[],""rationale"":""""}","{""label"":""unknown"",""confidence"":0.5,""style_cues"":[""promotional"",""technical""],""rationale"":""Technical content with a promotional tone, promoting webcasts on unified communications and virtual switching.""}"
154,0154.txt,phishing,manuale,M_P_L_Nigerian_5.csv,3632,non-phishing,0.5000,unknown,0.5000,qwen2.5:7b,http://localhost:11434,,"{""label"":""non-phishing"",""confidence"":0.5,""signals"":[],""rationale"":""""}","{""label"":""unknown"",""confidence"":0.5,""style_cues"":[""urgent"",""discreet"",""emotional""],""rationale"":""The email contains a high level of urgency and discretion, typical of fraudulent schemes. The sender is requesting personal information to claim unclaimed funds, which is a common tactic used in such scams.""}"
155,0155.txt,non-phishing,manuale,M_P_L_Nigerian_5.csv,1221,non-phishing,0.8000,unknown,0.5000,qwen2.5:7b,http://localhost:11434,,"{""label"":""non-phishing"",""confidence"":0.8,""signals"":[],""rationale"":""""}","{""label"":""unknown"",""confidence"":0.5,""style_cues"":[],""rationale"":""""}"
156,0156.txt,non-phishing,manuale,M_P_L_Nigerian_5.csv,233,non-phishing,0.5000,unknown,0.5000,qwen2.5:7b,http://localhost:11434,,"{""label"":""non-phishing"",""confidence"":0.5,""signals"":[],""rationale"":""""}","{""label"":""unknown"",""confidence"":0.5,""style_cues"":[""Formal tone"",""Business context""],""rationale"":""The email content does not clearly indicate if it was manually written or AI-generated; the style is formal and business-related but lacks specific characteristics that would definitively point to one source.""}"
157,0157.txt,phishing,manuale,M_P_L_Nigerian_5.csv,4623,non-phishing,0.5000,unknown,0.5000,qwen2.5:7b,http://localhost:11434,,"{""label"":""non-phishing"",""confidence"":0.5,""signals"":[],""rationale"":""""}","{""label"":""unknown"",""confidence"":0.5,""style_cues"":[""emotional language"",""suspicious details"",""requests for personal information""],""rationale"":""The email contains emotional and suspicious content, requests for personal information, and includes a URL which is common in phishing attempts.""}"
158,0158.txt,phishing,manuale,M_P_Nazario.csv,1123,non-phishing,0.5000,unknown,0.5000,qwen2.5:7b,http://localhost:11434,,"{""label"":""non-phishing"",""confidence"":0.5,""signals"":[],""rationale"":""""}","{""label"":""unknown"",""confidence"":0.5,""style_cues"":[""repeated message"",""informal language""],""rationale"":""The email contains a repeated message and uses informal language.""}"
159,0159.txt,non-phishing,manuale,M_P_L_Nigerian_5.csv,336,non-phishing,0.9000,unknown,0.5000,qwen2.5:7b,http://localhost:11434,,"{\n  ""label"": ""non-phishing"",\n  ""confidence"": 0.9,\n  ""signals"": [],\n  ""rationale"": """"\n}","{""label"":""unknown"",""confidence"":0.5,""style_cues"":[],""rationale"":""""}"
160,0160.txt,non-phishing,manuale,M_P_L_Nigerian_5.csv,6219,non-phishing,0.5000,ai-generated,0.8000,qwen2.5:7b,http://localhost:11434,,"{""label"":""non-phishing"",""confidence"":0.5,""signals"":[""generic email content"",""trusted domain""],""rationale"":""Email content appears to be a continuation of an internal conversation and includes a link to a trusted service (MSN Hotmail).""}","{""label"":""ai-generated"",""confidence"":0.8,""style_cues"":[""informal language"",""abbreviations""],""rationale"":""The email contains informal language and abbreviations, suggesting it was likely generated by an AI. The content also includes a promotional link for MSN Hotmail.""}"
161,0161.txt,non-phishing,ai,A_L_kaggle.csv,167,non-phishing,0.5000,unknown,0.5000,qwen2.5:7b,http://localhost:11434,,"{""label"":""non-phishing"",""confidence"":0.5,""signals"":[],""rationale"":""""}","{""label"":""unknown"",""confidence"":0.5,""style_cues"":[""formal tone"",""prize giveaway"",""call to action""],""rationale"":""Email appears to be a generic prize notification with a call to verify identity and provide mailing address. Sender's name is provided but no personal connection indicated.""}"
162,0162.txt,non-phishing,manuale,M_P_L_Nigerian_5.csv,1086,non-phishing,0.5000,unknown,0.5000,qwen2.5:7b,http://localhost:11434,,"{""label"":""non-phishing"",""confidence"":0.5,""signals"":[],""rationale"":""""}","{""label"":""unknown"",""confidence"":0.5,""style_cues"":[""technical"",""question_and_answer""],""rationale"":""Technical question about terminal types and telnet; response provides information on terminal type definitions.""}"
163,0163.txt,non-phishing,manuale,M_P_L_Nigerian_5.csv,5552,non-phishing,0.5000,unknown,0.5000,qwen2.5:7b,http://localhost:11434,,"{""label"":""non-phishing"",""confidence"":0.5,""signals"":[],""rationale"":""""}","{""label"":""unknown"",""confidence"":0.5,""style_cues"":[""Self-retracting content""],""rationale"":""The email self-retracts previous claims, indicating uncertainty or error in initial assessment.""}"
164,0164.txt,phishing,manuale,M_P_L_Nigerian_5.csv,2553,non-phishing,0.5000,unknown,0.5000,qwen2.5:7b,http://localhost:11434,,"{""label"":""non-phishing"",""confidence"":0.5,""signals"":[],""rationale"":""""}","{""label"":""unknown"",""confidence"":0.5,""style_cues"":[""emotional appeal"",""urgent request"",""financial gain""],""rationale"":""The email uses emotional language and an urgent tone to solicit assistance, promising a financial reward in return. It also contains suspicious links and requests personal information.""}"
165,0165.txt,non-phishing,manuale,M_P_L_Nigerian_5.csv,1292,non-phishing,0.9000,unknown,0.5000,qwen2.5:7b,http://localhost:11434,,"{\n  ""label"": ""non-phishing"",\n  ""confidence"": 0.9,\n  ""signals"": [],\n  ""rationale"": """"\n}","{""label"":""unknown"",""confidence"":0.5,""style_cues"":[],""rationale"":""""}"
166,0166.txt,phishing,manuale,M_P_Nazario.csv,822,non-phishing,0.5000,unknown,0.5000,qwen2.5:7b,http://localhost:11434,,"{""label"":""non-phishing"",""confidence"":0.5,""signals"":[""Unusual activity message"",""Copyright year""],""rationale"":""The email subject and content are generic and do not contain specific personal information or urgent demands typical of phishing attempts.""}","{""label"":""unknown"",""confidence"":0.5,""style_cues"":[""exclamation mark at the beginning"",""use of exclamation emoji"",""informal language"",""short and abrupt""],""rationale"":""Short, urgent message with an unusual subject line and an informal tone.""}"
167,0167.txt,phishing,ai,A_P_synthetic_phish.csv,1170,non-phishing,0.5000,unknown,0.5000,qwen2.5:7b,http://localhost:11434,,"{""label"":""non-phishing"",""confidence"":0.5,""signals"":[],""rationale"":""""}","{""label"":""unknown"",""confidence"":0.5,""style_cues"":[""fax message"",""customer service"",""link""],""rationale"":""Email contains a generic fax message notification with a link, but lacks specific details or context.""}"
168,0168.txt,phishing,manuale,M_P_Nazario.csv,882,phishing,0.9000,unknown,0.5000,qwen2.5:7b,http://localhost:11434,,"{""label"":""phishing"",""confidence"":0.9,""signals"":[""urgent deadline"",""account deletion threat"",""link in email""],""rationale"":""The email contains urgent language and threats of account deletion if not acted upon immediately. It also includes a link without context.""}","{""label"":""unknown"",""confidence"":0.5,""style_cues"":[""urgent language"",""account closure threat"",""clickbait link""],""rationale"":""The email uses urgent language and threatens account closure if not acted upon immediately. It includes a suspicious link without clear context.""}"
169,0169.txt,non-phishing,manuale,M_P_L_Nigerian_5.csv,38,non-phishing,0.5000,unknown,0.5000,qwen2.5:7b,http://localhost:11434,,"{""label"":""non-phishing"",""confidence"":0.5,""signals"":[],""rationale"":""""}","{""label"":""unknown"",""confidence"":0.5,""style_cues"":[""forwarded email"",""multiple recipients"",""confidential information""],""rationale"":""Email forwarded with multiple recipients and requests for confidential information from the GAO.""}"
170,0170.txt,non-phishing,manuale,M_P_L_Nigerian_5.csv,5936,non-phishing,0.5000,unknown,0.5000,qwen2.5:7b,http://localhost:11434,,"{""label"":""non-phishing"",""confidence"":0.5,""signals"":[],""rationale"":""""}","{""label"":""unknown"",""confidence"":0.5,""style_cues"":[""informative"",""seeking advice""],""rationale"":""The email seeks technical advice on using an IDE drive with a Dell laptop, which is a common query. The style is informative and the sender is looking for solutions.""}"
171,0171.txt,non-phishing,manuale,M_P_L_Nigerian_5.csv,1139,non-phishing,0.5000,unknown,0.5000,qwen2.5:7b,http://localhost:11434,,"{""label"":""non-phishing"",""confidence"":0.5,""signals"":[],""rationale"":""""}","{""label"":""unknown"",""confidence"":0.5,""style_cues"":[""informative"",""technical""],""rationale"":""Provides technical information about file system byte order.""}"
172,0172.txt,phishing,ai,A_P_synthetic_phish.csv,217,non-phishing,0.5000,unknown,0.5000,qwen2.5:7b,http://localhost:11434,,"{""label"":""non-phishing"",""confidence"":0.5,""signals"":[],""rationale"":""""}","{""label"":""unknown"",""confidence"":0.5,""style_cues"":[""informative"",""promotional""],""rationale"":""The email appears to be promotional with an upgrade message, but the sender is unclear.""}"
173,0173.txt,non-phishing,manuale,M_P_L_Nigerian_5.csv,982,non-phishing,0.5000,unknown,0.5000,qwen2.5:7b,http://localhost:11434,,"{""label"":""non-phishing"",""confidence"":0.5,""signals"":[],""rationale"":""""}","{""label"":""unknown"",""confidence"":0.5,""style_cues"":[""informative"",""positive""],""rationale"":""Encourages voting for a newsgroup proposal without expressing a clear stance.""}"
174,0174.txt,phishing,manuale,M_P_L_Nigerian_5.csv,2954,non-phishing,0.5000,unknown,0.5000,qwen2.5:7b,http://localhost:11434,,"{""label"":""non-phishing"",""confidence"":0.5,""signals"":[],""rationale"":""""}","{""label"":""unknown"",""confidence"":0.5,""style_cues"":[""generic business proposal"",""solicits partnership""],""rationale"":""Generic business solicitation with no specific context or personal details to indicate manual or AI generation.""}"
175,0175.txt,phishing,manuale,M_P_Nazario.csv,963,non-phishing,0.6000,unknown,0.5000,qwen2.5:7b,http://localhost:11434,,"{""label"":""non-phishing"",""confidence"":0.6,""signals"":[""informal_greeting"",""request_cancellation"",""generic_footer""],""rationale"":""The email uses an informal greeting and requests cancellation of a de-activation request, which is common for legitimate services. The footer includes generic information without specific links or urgent demands.""}","{""label"":""unknown"",""confidence"":0.5,""style_cues"":[""request cancellation prompt"",""account shutdown warning""],""rationale"":""The email contains a mix of formal and informal language, with a strong emphasis on urgent action to cancel an account de-activation request.""}"
176,0176.txt,non-phishing,ai,A_L_kaggle.csv,224,non-phishing,0.8000,ai-generated,0.8000,qwen2.5:7b,http://localhost:11434,,"{""label"":""non-phishing"",""confidence"":0.8,""signals"":[],""rationale"":""""}","{""label"":""ai-generated"",""confidence"":0.8,""style_cues"":[""professional"",""formal"",""positive""],""rationale"":""The email has a formal and professional tone with positive language, indicating it is likely generated by an AI system.""}"
177,0177.txt,phishing,manuale,M_P_L_Nigerian_5.csv,5084,non-phishing,0.5000,unknown,0.5000,qwen2.5:7b,http://localhost:11434,,"{""label"":""non-phishing"",""confidence"":0.5,""signals"":[],""rationale"":""""}","{""label"":""unknown"",""confidence"":0.5,""style_cues"":[""urgent language"",""financial request"",""contact information""],""rationale"":""The email contains urgent language and a financial request for a security fee, but the sender's identity is unclear.""}"
178,0178.txt,phishing,manuale,M_P_L_Nigerian_5.csv,2992,non-phishing,0.5000,unknown,0.5000,qwen2.5:7b,http://localhost:11434,,"{""label"":""non-phishing"",""confidence"":0.5,""signals"":[],""rationale"":""""}","{""label"":""unknown"",""confidence"":0.5,""style_cues"":[""generic business proposal"",""poor grammar and spelling""],""rationale"":""The email contains generic language and poor grammar, making it difficult to determine if it is manually or AI-generated.""}"
179,0179.txt,phishing,ai,A_P_synthetic_phish.csv,1687,non-phishing,0.5000,unknown,0.5000,qwen2.5:7b,http://localhost:11434,,"{""label"":""non-phishing"",""confidence"":0.5,""signals"":[],""rationale"":""""}","{""label"":""unknown"",""confidence"":0.5,""style_cues"":[""promotional"",""link""],""rationale"":""Email promotes an upgrade with a link but lacks clear authorship or style cues.""}"
180,0180.txt,non-phishing,ai,A_L_kaggle.csv,392,non-phishing,0.5000,ai-generated,0.8000,qwen2.5:7b,http://localhost:11434,,"{""label"":""non-phishing"",""confidence"":0.5,""signals"":[],""rationale"":""""}","{""label"":""ai-generated"",""confidence"":0.8,""style_cues"":[""formal tone"",""call to action"",""community safety""],""rationale"":""The email has a formal tone and calls for community cooperation in reporting illegal activities. It also references other individuals who have reported suspicious behavior, which is common in AI-generated content aimed at encouraging participation.""}"
181,0181.txt,phishing,manuale,M_P_Nazario.csv,182,non-phishing,0.5000,ai-generated,0.8000,qwen2.5:7b,http://localhost:11434,,"{""label"":""non-phishing"",""confidence"":0.5,""signals"":[],""rationale"":""""}","{""label"":""ai-generated"",""confidence"":0.8,""style_cues"":[""formal"",""commercial"",""security""],""rationale"":""The email text is formal and commercial, with a focus on security updates. It includes a call to action for users to click a link and update their accounts.""}"
182,0182.txt,phishing,ai,A_P_synthetic_phish.csv,1041,non-phishing,0.5000,unknown,0.5000,qwen2.5:7b,http://localhost:11434,,"{""label"":""non-phishing"",""confidence"":0.5,""signals"":[],""rationale"":""""}","{""label"":""unknown"",""confidence"":0.5,""style_cues"":[""system notification"",""informative""],""rationale"":""Short informative message about receiving a message from the Staff Department via the Helpdesk system.""}"
183,0183.txt,phishing,manuale,M_P_L_Nigerian_5.csv,3175,non-phishing,0.5000,unknown,0.5000,qwen2.5:7b,http://localhost:11434,,"{""label"":""non-phishing"",""confidence"":0.5,""signals"":[],""rationale"":""""}","{""label"":""unknown"",""confidence"":0.5,""style_cues"":[""informal language"",""use of placeholders""],""rationale"":""The email contains informal language and uses placeholders for specific amounts, making it difficult to determine if it's manual or AI-generated.""}"
184,0184.txt,non-phishing,manuale,M_P_L_Nigerian_5.csv,410,non-phishing,0.5000,unknown,0.5000,qwen2.5:7b,http://localhost:11434,,"{""label"":""non-phishing"",""confidence"":0.5,""signals"":[],""rationale"":""""}","{""label"":""unknown"",""confidence"":0.5,""style_cues"":[],""rationale"":""""}"
185,0185.txt,non-phishing,manuale,M_P_L_Nigerian_5.csv,1627,non-phishing,0.5000,unknown,0.6000,qwen2.5:7b,http://localhost:11434,,"{""label"":""non-phishing"",""confidence"":0.5,""signals"":[],""rationale"":""""}","{""label"":""unknown"",""confidence"":0.6,""style_cues"":[""informal language"",""technical discussion""],""rationale"":""Technical discussion about a patch for SAMBA_3_0 related to LDAP SASL 'GSSAPI' bind issues between Windows 2000 and Windows 2003.""}"
186,0186.txt,phishing,ai,A_P_synthetic_phish.csv,4933,non-phishing,0.5000,unknown,0.5000,qwen2.5:7b,http://localhost:11434,,"{""label"":""non-phishing"",""confidence"":0.5,""signals"":[],""rationale"":""""}","{""label"":""unknown"",""confidence"":0.5,""style_cues"":[""informative"",""urgent""],""rationale"":""The email appears to be informative and urgent, but lacks clear personalization or specific details that would indicate it was manually crafted.""}"
187,0187.txt,non-phishing,manuale,M_P_L_Nigerian_5.csv,6089,non-phishing,0.5000,unknown,0.5000,qwen2.5:7b,http://localhost:11434,,"{""label"":""non-phishing"",""confidence"":0.5,""signals"":[],""rationale"":""""}","{""label"":""unknown"",""confidence"":0.5,""style_cues"":[""formal"",""questioning""],""rationale"":""The email discusses a complex project and questions the openness of source code.""}"
188,0188.txt,non-phishing,manuale,M_P_L_Nigerian_5.csv,1077,non-phishing,0.5000,unknown,0.5000,qwen2.5:7b,http://localhost:11434,,"{""label"":""non-phishing"",""confidence"":0.5,""signals"":[],""rationale"":""""}","{""label"":""unknown"",""confidence"":0.5,""style_cues"":[""[URL]"",""multiple sources""],""rationale"":""Multiple sources mentioned and a URL provided.""}"
189,0189.txt,phishing,manuale,M_P_L_Nigerian_5.csv,4018,non-phishing,0.5000,unknown,0.5000,qwen2.5:7b,http://localhost:11434,,"{""label"":""non-phishing"",""confidence"":0.5,""signals"":[],""rationale"":""""}","{""label"":""unknown"",""confidence"":0.5,""style_cues"":[""religious"",""emotional"",""financial""],""rationale"":""The email contains a mix of religious and emotional language, along with a request for financial assistance. The sender claims to have a large sum of money that she wishes to donate, but the authenticity of her claim is questionable.""}"
190,0190.txt,non-phishing,manuale,M_P_L_Nigerian_5.csv,209,non-phishing,0.5000,unknown,0.5000,qwen2.5:7b,http://localhost:11434,,"{""label"":""non-phishing"",""confidence"":0.5,""signals"":[],""rationale"":""""}","{""label"":""unknown"",""confidence"":0.5,""style_cues"":[""business contact information""],""rationale"":""Email contains generic business contact details without clear indication of manual or AI generation.""}"
191,0191.txt,non-phishing,ai,A_L_kaggle.csv,711,phishing,0.8000,ai-generated,0.8000,qwen2.5:7b,http://localhost:11434,,"{""label"":""phishing"",""confidence"":0.8,""signals"":[""urgent account verification"",""click on link provided"",""threat of account suspension""],""rationale"":""The email requests urgent action and contains a clickable link, which are common phishing tactics.""}","{""label"":""ai-generated"",""confidence"":0.8,""style_cues"":[""formal tone"",""urgency"",""call to action""],""rationale"":""The email has a formal tone and an urgent call to action, typical of AI-generated communications aimed at prompting immediate user response.""}"
192,0192.txt,non-phishing,ai,A_L_kaggle.csv,673,non-phishing,0.5000,unknown,0.5000,qwen2.5:7b,http://localhost:11434,,"{""label"":""non-phishing"",""confidence"":0.5,""signals"":[],""rationale"":""""}","{""label"":""unknown"",""confidence"":0.5,""style_cues"":[""formal"",""informative"",""safety-conscious""],""rationale"":""The email provides general advice on cybercrime and identity theft without specific context or personal details.""}"
193,0193.txt,non-phishing,ai,A_L_kaggle.csv,166,non-phishing,0.5000,ai-generated,0.8000,qwen2.5:7b,http://localhost:11434,,"{""label"":""non-phishing"",""confidence"":0.5,""signals"":[],""rationale"":""""}","{""label"":""ai-generated"",""confidence"":0.8,""style_cues"":[""formal tone"",""prize announcement"",""clickbait link"",""personalized greeting""],""rationale"":""The email has a formal tone and personalized greeting, but the content seems overly promotional and includes a clickbait link, which is characteristic of AI-generated spam.""}"
194,0194.txt,non-phishing,ai,A_L_kaggle.csv,556,non-phishing,0.6000,unknown,0.5000,qwen2.5:7b,http://localhost:11434,,"{""label"":""non-phishing"",""confidence"":0.6,""signals"":[],""rationale"":""""}","{""label"":""unknown"",""confidence"":0.5,""style_cues"":[""enthusiastic"",""promotional""],""rationale"":""The email is promotional and enthusiastic but lacks clear indication of manual or AI generation.""}"
195,0195.txt,phishing,manuale,M_P_Nazario.csv,1143,non-phishing,0.5000,unknown,0.5000,qwen2.5:7b,http://localhost:11434,,"{""label"":""non-phishing"",""confidence"":0.5,""signals"":[],""rationale"":""""}","{""label"":""unknown"",""confidence"":0.5,""style_cues"":[""contains order request"",""uses formal address""],""rationale"":""The email contains a request for production to begin on an order in January, and uses a formal address.""}"
196,0196.txt,non-phishing,manuale,M_P_L_Nigerian_5.csv,5882,non-phishing,0.5000,unknown,0.5000,qwen2.5:7b,http://localhost:11434,,"{""label"":""non-phishing"",""confidence"":0.5,""signals"":[],""rationale"":""""}","{""label"":""unknown"",""confidence"":0.5,""style_cues"":[""informal language"",""abbreviations""],""rationale"":""The email contains informal language and abbreviations, but the source is unclear.""}"
197,0197.txt,phishing,manuale,M_P_L_Nigerian_5.csv,3985,non-phishing,0.5000,unknown,0.5000,qwen2.5:7b,http://localhost:11434,,"{""label"":""non-phishing"",""confidence"":0.5,""signals"":[],""rationale"":""""}","{""label"":""unknown"",""confidence"":0.5,""style_cues"":[""emotional"",""religious"",""financial""],""rationale"":""The email contains emotional content, religious references, and details about a large sum of money, but the sender's identity is unclear.""}"
198,0198.txt,non-phishing,manuale,M_P_L_Nigerian_5.csv,1670,non-phishing,0.5000,ai-generated,0.8000,qwen2.5:7b,http://localhost:11434,,"{""label"":""non-phishing"",""confidence"":0.5,""signals"":[],""rationale"":""""}","{""label"":""ai-generated"",""confidence"":0.8,""style_cues"":[""informative"",""news-oriented""],""rationale"":""The email contains a structured news summary with multiple topics and quotes, typical of an AI-generated newsletter.""}"
199,0199.txt,non-phishing,ai,A_L_kaggle.csv,380,non-phishing,0.5000,unknown,0.5000,qwen2.5:7b,http://localhost:11434,,"{""label"":""non-phishing"",""confidence"":0.5,""signals"":[],""rationale"":""""}","{""label"":""unknown"",""confidence"":0.5,""style_cues"":[""informative"",""community-focused"",""positive""],""rationale"":""The email is informative and focuses on community well-being but lacks distinctive AI-generated characteristics.""}"
200,0200.txt,non-phishing,manuale,M_P_L_Nigerian_5.csv,5874,non-phishing,0.9000,unknown,0.5000,qwen2.5:7b,http://localhost:11434,,"{""label"":""non-phishing"",""confidence"":0.9,""signals"":[],""rationale"":""""}","{""label"":""unknown"",""confidence"":0.5,""style_cues"":[""news summary"",""conflict report""],""rationale"":""Brief news update about a violent incident between Israelis and Palestinians.""}"
201,0201.txt,non-phishing,manuale,M_P_L_Nigerian_5.csv,683,non-phishing,0.5000,unknown,0.5000,qwen2.5:7b,http://localhost:11434,,"{""label"":""non-phishing"",""confidence"":0.5,""signals"":[],""rationale"":""""}","{""label"":""unknown"",""confidence"":0.5,""style_cues"":[""informal"",""technical""],""rationale"":""The email discusses technical details but the overall tone is informal.""}"
202,0202.txt,non-phishing,manuale,M_P_L_Nigerian_5.csv,5540,non-phishing,0.5000,unknown,0.5000,qwen2.5:7b,http://localhost:11434,,"{""label"":""non-phishing"",""confidence"":0.5,""signals"":[],""rationale"":""""}","{""label"":""unknown"",""confidence"":0.5,""style_cues"":[""professional"",""informal""],""rationale"":""Email is brief and lacks clear indication of manual or AI generation.""}"
203,0203.txt,phishing,manuale,M_P_L_Nigerian_5.csv,3878,non-phishing,0.5000,unknown,0.5000,qwen2.5:7b,http://localhost:11434,,"{""label"":""non-phishing"",""confidence"":0.5,""signals"":[],""rationale"":""""}","{""label"":""unknown"",""confidence"":0.5,""style_cues"":[""formal"",""urgent"",""financial""],""rationale"":""The email contains a request for partnership and transfer of funds, which is suspicious. The sender claims to be a personal treasurer to a wealthy Russian businessman but provides no verifiable information.""}"
204,0204.txt,non-phishing,manuale,M_P_L_Nigerian_5.csv,5309,non-phishing,0.7000,unknown,0.5000,qwen2.5:7b,http://localhost:11434,,"{""label"":""non-phishing"",""confidence"":0.7,""signals"":[""bulk email format"",""generic product savings announcement""],""rationale"":""The email follows a generic bulk email format and is an advertisement for significant savings on various products, without any suspicious or urgent language that would typically indicate phishing.""}","{""label"":""unknown"",""confidence"":0.5,""style_cues"":[""sales promotion"",""limited time offer""],""rationale"":""The email promotes significant savings with a limited-time offer, but the content and style do not distinctly indicate whether it was manually crafted or AI-generated.""}"
205,0205.txt,non-phishing,ai,A_L_kaggle.csv,73,non-phishing,0.5000,ai-generated,0.8000,qwen2.5:7b,http://localhost:11434,,"{""label"":""non-phishing"",""confidence"":0.5,""signals"":[],""rationale"":""""}","{""label"":""ai-generated"",""confidence"":0.8,""style_cues"":[""professional tone"",""promotional content"",""call to action""],""rationale"":""The email has a formal and professional tone, includes promotional content about the service provided, and contains a clear call to action for the recipient to click on a link.""}"
206,0206.txt,phishing,manuale,M_P_L_Nigerian_5.csv,4354,non-phishing,0.5000,unknown,0.5000,qwen2.5:7b,http://localhost:11434,,"{""label"":""non-phishing"",""confidence"":0.5,""signals"":[],""rationale"":""""}","{""label"":""unknown"",""confidence"":0.5,""style_cues"":[""spammy content"",""suspicious subject line"",""poor grammar and spelling""],""rationale"":""The email contains typical spam characteristics, suspicious subject line, and poor grammar and spelling.""}"
207,0207.txt,phishing,manuale,M_P_L_Nigerian_5.csv,2708,non-phishing,0.5000,unknown,0.5000,qwen2.5:7b,http://localhost:11434,,"{""label"":""non-phishing"",""confidence"":0.5,""signals"":[],""rationale"":""""}","{""label"":""unknown"",""confidence"":0.5,""style_cues"":[""formal"",""urgent"",""financial""],""rationale"":""The email contains typical characteristics of a phishing scam, including an urgent request for cooperation and the transfer of large sums of money.""}"
208,0208.txt,phishing,manuale,M_P_L_Nigerian_5.csv,2218,non-phishing,0.5000,unknown,0.5000,qwen2.5:7b,http://localhost:11434,,"{""label"":""non-phishing"",""confidence"":0.5,""signals"":[],""rationale"":""""}","{""label"":""unknown"",""confidence"":0.5,""style_cues"":[""religious"",""emotional"",""personal""],""rationale"":""The email contains religious content and expresses personal distress, but lacks clear indicators of manual or AI generation.""}"
209,0209.txt,non-phishing,ai,A_L_kaggle.csv,728,non-phishing,0.5000,ai-generated,0.8000,qwen2.5:7b,http://localhost:11434,,"{""label"":""non-phishing"",""confidence"":0.5,""signals"":[],""rationale"":""""}","{""label"":""ai-generated"",""confidence"":0.8,""style_cues"":["" promotional language"","" urgent call-to-action"","" link provided""],""rationale"":""The email uses promotional language and an urgent call-to-action, with a provided link, which are typical characteristics of AI-generated spam or promotional emails.""}"
210,0210.txt,non-phishing,manuale,M_P_L_Nigerian_5.csv,1738,non-phishing,0.8000,unknown,0.5000,qwen2.5:7b,http://localhost:11434,,"{""label"":""non-phishing"",""confidence"":0.8,""signals"":[],""rationale"":""""}","{""label"":""unknown"",""confidence"":0.5,""style_cues"":[""stock market related"",""subscription based""],""rationale"":""Email contains stock quote information and subscription options but lacks clear indication of manual or AI generation.""}"
211,0211.txt,non-phishing,manuale,M_P_L_Nigerian_5.csv,5339,non-phishing,0.5000,unknown,0.5000,qwen2.5:7b,http://localhost:11434,,"{""label"":""non-phishing"",""confidence"":0.5,""signals"":[],""rationale"":""""}","{""label"":""unknown"",""confidence"":0.5,""style_cues"":[],""rationale"":""""}"
212,0212.txt,phishing,manuale,M_P_L_Nigerian_5.csv,2809,non-phishing,0.5000,unknown,0.5000,qwen2.5:7b,http://localhost:11434,,"{""label"":""non-phishing"",""confidence"":0.5,""signals"":[],""rationale"":""""}","{""label"":""unknown"",""confidence"":0.5,""style_cues"":[""urgent language"",""confidential information"",""multiple contact requests""],""rationale"":""The email contains urgent language, confidential financial details, and multiple requests for personal information, but the sender's identity is unclear.""}"
213,0213.txt,phishing,ai,A_P_synthetic_phish.csv,3349,non-phishing,0.5000,unknown,0.5000,qwen2.5:7b,http://localhost:11434,,"{""label"":""non-phishing"",""confidence"":0.5,""signals"":[],""rationale"":""""}","{""label"":""unknown"",""confidence"":0.5,""style_cues"":[""click here"",""account verification""],""rationale"":""Email contains a generic request for account verification with a clickable link, which is common for security challenges.""}"
214,0214.txt,non-phishing,manuale,M_P_L_Nigerian_5.csv,32,non-phishing,0.5000,unknown,0.5000,qwen2.5:7b,http://localhost:11434,,"{""label"":""non-phishing"",""confidence"":0.5,""signals"":[],""rationale"":""""}","{""label"":""unknown"",""confidence"":0.5,""style_cues"":[""informative"",""structured""],""rationale"":""The email provides clear and structured information about the meeting agenda without any obvious signs of AI generation.""}"
215,0215.txt,phishing,manuale,M_P_L_Nigerian_5.csv,2726,non-phishing,0.5000,unknown,0.5000,qwen2.5:7b,http://localhost:11434,,"{""label"":""non-phishing"",""confidence"":0.5,""signals"":[],""rationale"":""""}","{""label"":""unknown"",""confidence"":0.5,""style_cues"":[""emotional appeal"",""personal tragedy"",""financial request""],""rationale"":""The email contains a personal and emotional narrative, mentions a large sum of money, and requests assistance for international transfer and investment.""}"
216,0216.txt,non-phishing,manuale,M_P_L_Nigerian_5.csv,866,non-phishing,0.5000,unknown,0.5000,qwen2.5:7b,http://localhost:11434,,"{""label"":""non-phishing"",""confidence"":0.5,""signals"":[],""rationale"":""""}","{""label"":""unknown"",""confidence"":0.5,""style_cues"":[""request for information"",""technical query""],""rationale"":""query about converting file formats""}"
217,0217.txt,non-phishing,manuale,M_P_L_Nigerian_5.csv,5513,non-phishing,0.5000,unknown,0.5000,qwen2.5:7b,http://localhost:11434,,"{""label"":""non-phishing"",""confidence"":0.5,""signals"":[],""rationale"":""""}","{""label"":""unknown"",""confidence"":0.5,""style_cues"":[""emotional"",""negative""],""rationale"":""The email expresses frustration and anger towards technology and specific companies, indicating a negative emotional state.""}"
218,0218.txt,phishing,manuale,M_P_L_Nigerian_5.csv,4995,non-phishing,0.5000,ai-generated,0.8000,qwen2.5:7b,http://localhost:11434,,"{""label"":""non-phishing"",""confidence"":0.5,""signals"":[],""rationale"":""""}","{""label"":""ai-generated"",""confidence"":0.8,""style_cues"":[""formal"",""commercial"",""seeking partnership""],""rationale"":""The email follows a standard business proposal format, uses formal language, and seeks a partnership opportunity.""}"
219,0219.txt,phishing,manuale,M_P_L_Nigerian_5.csv,4388,non-phishing,0.5000,unknown,0.5000,qwen2.5:7b,http://localhost:11434,,"{""label"":""non-phishing"",""confidence"":0.5,""signals"":[],""rationale"":""""}","{""label"":""unknown"",""confidence"":0.5,""style_cues"":[""spammy language"",""suspicious subject line"",""request for personal information""],""rationale"":""The email contains typical spam characteristics, a suspicious subject line mentioning a deceased person's money, and requests for personal information to claim the funds.""}"
220,0220.txt,non-phishing,manuale,M_P_L_Nigerian_5.csv,379,non-phishing,0.5000,unknown,0.5000,qwen2.5:7b,http://localhost:11434,,"{""label"":""non-phishing"",""confidence"":0.5,""signals"":[],""rationale"":""""}","{""label"":""unknown"",""confidence"":0.5,""style_cues"":[""casual language"",""abbreviations""],""rationale"":""The email uses casual language and includes abbreviations like 'AB82xx' and 'Assembly', suggesting a less formal tone. The sender expresses optimism about future changes to the bill, indicating an uncertain outcome.""}"
221,0221.txt,non-phishing,manuale,M_P_L_Nigerian_5.csv,5609,non-phishing,0.5000,unknown,0.5000,qwen2.5:7b,http://localhost:11434,,"{""label"":""non-phishing"",""confidence"":0.5,""signals"":[],""rationale"":""""}","{""label"":""unknown"",""confidence"":0.5,""style_cues"":[],""rationale"":""""}"
222,0222.txt,non-phishing,manuale,M_P_L_Nigerian_5.csv,638,non-phishing,0.5000,unknown,0.5000,qwen2.5:7b,http://localhost:11434,,"{""label"":""non-phishing"",""confidence"":0.5,""signals"":[],""rationale"":""""}","{""label"":""unknown"",""confidence"":0.5,""style_cues"":[""informative"",""technical""],""rationale"":""Request for technical details on configuring a server as a CPU and authentication server.""}"
223,0223.txt,phishing,manuale,M_P_L_Nigerian_5.csv,2328,non-phishing,0.5000,unknown,0.7000,qwen2.5:7b,http://localhost:11434,,"{""label"":""non-phishing"",""confidence"":0.5,""signals"":[],""rationale"":""""}","{""label"":""unknown"",""confidence"":0.7,""style_cues"":[""solicits financial assistance"",""contains personal tragedy"",""asks for confidentiality""],""rationale"":""The email contains a request for financial assistance and mentions a personal tragedy, but the sender's identity cannot be verified.""}"
224,0224.txt,non-phishing,manuale,M_P_L_Nigerian_5.csv,1120,non-phishing,0.5000,unknown,0.5000,qwen2.5:7b,http://localhost:11434,,"{""label"":""non-phishing"",""confidence"":0.5,""signals"":[],""rationale"":""""}","{""label"":""unknown"",""confidence"":0.5,""style_cues"":[],""rationale"":""""}"
225,0225.txt,phishing,manuale,M_P_L_Nigerian_5.csv,3455,non-phishing,0.5000,unknown,0.5000,qwen2.5:7b,http://localhost:11434,,"{""label"":""non-phishing"",""confidence"":0.5,""signals"":[],""rationale"":""""}","{""label"":""unknown"",""confidence"":0.5,""style_cues"":[""spammy language"",""suspicious offer""],""rationale"":""The email contains a suspicious financial offer and spammy language, making it highly likely to be fraudulent.""}"
226,0226.txt,phishing,manuale,M_P_L_Nigerian_5.csv,3117,non-phishing,0.5000,unknown,0.5000,qwen2.5:7b,http://localhost:11434,,"{""label"":""non-phishing"",""confidence"":0.5,""signals"":[],""rationale"":""""}","{""label"":""unknown"",""confidence"":0.5,""style_cues"":[""emotional appeal"",""religious motivation"",""financial incentive""],""rationale"":""The email contains a personal story with emotional and religious motivations to gain support for distributing funds. It also includes a financial incentive in the form of a large sum of money.""}"
227,0227.txt,non-phishing,manuale,M_P_L_Nigerian_5.csv,5644,non-phishing,0.5000,unknown,0.5000,qwen2.5:7b,http://localhost:11434,,"{""label"":""non-phishing"",""confidence"":0.5,""signals"":[],""rationale"":""""}","{""label"":""unknown"",""confidence"":0.5,""style_cues"":[],""rationale"":""""}"
228,0228.txt,non-phishing,manuale,M_P_L_Nigerian_5.csv,1410,non-phishing,0.5000,unknown,0.5000,qwen2.5:7b,http://localhost:11434,,"{""label"":""non-phishing"",""confidence"":0.5,""signals"":[],""rationale"":""""}","{""label"":""unknown"",""confidence"":0.5,""style_cues"":[],""rationale"":""""}"
229,0229.txt,phishing,manuale,M_P_L_Nigerian_5.csv,3383,non-phishing,0.5000,unknown,0.5000,qwen2.5:7b,http://localhost:11434,,"{""label"":""non-phishing"",""confidence"":0.5,""signals"":[],""rationale"":""""}","{""label"":""unknown"",""confidence"":0.5,""style_cues"":[""emotional appeal"",""urgent request"",""personal information""],""rationale"":""The email uses emotional language and an urgent deadline to prompt a response, includes personal details of the deceased, and requests sensitive information from the recipient.""}"
230,0230.txt,non-phishing,manuale,M_P_L_Nigerian_5.csv,1088,non-phishing,0.5000,unknown,0.5000,qwen2.5:7b,http://localhost:11434,,"{""label"":""non-phishing"",""confidence"":0.5,""signals"":[],""rationale"":""""}","{""label"":""unknown"",""confidence"":0.5,""style_cues"":[""informal"",""personal""],""rationale"":""The email contains personal insights and opinions, but the author does not explicitly state if it was written manually or generated by AI.""}"
231,0231.txt,phishing,ai,A_P_synthetic_phish.csv,3018,non-phishing,0.5000,unknown,0.5000,qwen2.5:7b,http://localhost:11434,,"{""label"":""non-phishing"",""confidence"":0.5,""signals"":[],""rationale"":""""}","{""label"":""unknown"",""confidence"":0.5,""style_cues"":[""URL"",""Solicited""],""rationale"":""Email contains a solicited link and mentions an IT service desk.""}"
232,0232.txt,non-phishing,manuale,M_P_L_Nigerian_5.csv,6073,non-phishing,0.5000,unknown,0.5000,qwen2.5:7b,http://localhost:11434,,"{""label"":""non-phishing"",""confidence"":0.5,""signals"":[],""rationale"":""""}","{""label"":""unknown"",""confidence"":0.5,""style_cues"":[""informal language"",""sarcasm""],""rationale"":""The email expresses skepticism about the claims made by DataPower regarding their XML-in-silicon technology, questioning its practicality and integration into existing security frameworks.""}"
233,0233.txt,phishing,ai,A_P_synthetic_phish.csv,3365,non-phishing,0.5000,ai-generated,0.8000,qwen2.5:7b,http://localhost:11434,,"{""label"":""non-phishing"",""confidence"":0.5,""signals"":[],""rationale"":""""}","{""label"":""ai-generated"",""confidence"":0.8,""style_cues"":["" promotional tone"",""call to action"",""link provided""],""rationale"":""The email has a promotional tone and includes a call to action to update the account. It also provides a link for the user to click.""}"
234,0234.txt,phishing,manuale,M_P_Nazario.csv,593,non-phishing,0.6000,unknown,0.5000,qwen2.5:7b,http://localhost:11434,,"{""label"":""non-phishing"",""confidence"":0.6,""signals"":[],""rationale"":""""}","{""label"":""unknown"",""confidence"":0.5,""style_cues"":[""Urgent language"",""Threat of service disruption"",""Link provided""],""rationale"":""The email uses urgent language and threatens service disruption if not acted upon immediately. It also provides a link for immediate action.""}"
235,0235.txt,non-phishing,manuale,M_P_L_Nigerian_5.csv,163,non-phishing,0.5000,unknown,0.5000,qwen2.5:7b,http://localhost:11434,,"{""label"":""non-phishing"",""confidence"":0.5,""signals"":[],""rationale"":""""}","{""label"":""unknown"",""confidence"":0.5,""style_cues"":[""confidential information"",""request for summary""],""rationale"":""Email contains a request for a summary and confidentiality notice, but no clear indication if AI-generated or manually written.""}"
236,0236.txt,non-phishing,manuale,M_P_L_Nigerian_5.csv,648,non-phishing,0.5000,unknown,0.5000,qwen2.5:7b,http://localhost:11434,,"{""label"":""non-phishing"",""confidence"":0.5,""signals"":[],""rationale"":""""}","{""label"":""unknown"",""confidence"":0.5,""style_cues"":[""informative"",""query""],""rationale"":""Query about porting software; no personal data provided.""}"
237,0237.txt,non-phishing,manuale,M_P_L_Nigerian_5.csv,1301,non-phishing,0.9000,unknown,0.7000,qwen2.5:7b,http://localhost:11434,,"{\n  ""label"": ""non-phishing"",\n  ""confidence"": 0.9,\n  ""signals"": [],\n  ""rationale"": """"\n}","{""label"":""unknown"",""confidence"":0.7,""style_cues"":[""formal"",""news-like""],""rationale"":""The email text appears to be a summary of political news and events, likely generated by an automated system or compiled manually from various sources. The formal tone and structured format suggest it is not purely AI-generated but also lacks clear authorship or manual editing cues.""}"
238,0238.txt,phishing,manuale,M_P_L_Nigerian_5.csv,3624,phishing,0.8000,unknown,0.5000,qwen2.5:7b,http://localhost:11434,,"{""label"":""phishing"",""confidence"":0.8,""signals"":[""suspicious email subject"",""promises of large sums of money"",""request to act as next of kin""],""rationale"":""The email has a very urgent and suspicious subject line, promises an unusually large sum of money, and requests the recipient to act as next of kin without any verification.""}","{""label"":""unknown"",""confidence"":0.5,""style_cues"":[""exclamation marks"",""informal language"",""long email""],""rationale"":""The email uses informal language and exclamation marks, which could indicate human authorship. However, the content is highly suspicious and automated, making it difficult to confidently label as either manual or AI-generated.""}"
239,0239.txt,phishing,manuale,M_P_Nazario.csv,1058,non-phishing,0.6000,unknown,0.5000,qwen2.5:7b,http://localhost:11434,,"{""label"":""non-phishing"",""confidence"":0.6,""signals"":[""Multiple requests for card verification"",""System blocked transaction due to unusual activity""],""rationale"":""The email provides detailed transaction information and asks the user to verify their card details through a secure login, which is typical of legitimate financial institutions.""}","{""label"":""unknown"",""confidence"":0.5,""style_cues"":[""repeated_content""],""rationale"":""The email contains repeated content, which is a style cue.""}"
240,0240.txt,phishing,manuale,M_P_L_Nigerian_5.csv,4004,phishing,0.8000,unknown,0.5000,qwen2.5:7b,http://localhost:11434,,"{""label"":""phishing"",""confidence"":0.8,""signals"":[""confidentiality-urgent-response"",""emotional-manipulation"",""unsolicited-offer-of-large-sum"",""request-for-personal-info"",""phone-number-in-email"",""suspicious-url""],""rationale"":""The email uses urgency and confidentiality to manipulate the recipient, offers a large sum of money in an unsolicited manner, requests personal information, includes a phone num","{""label"":""unknown"",""confidence"":0.5,""style_cues"":[""confidential"",""urgent"",""foreign"",""financial""],""rationale"":""The email contains typical characteristics of a phishing scam, including confidentiality claims, urgent requests, and promises of large sums of money. However, without additional context or verification, the label cannot be definitively set to 'ai-generated'.""}"
241,0241.txt,phishing,manuale,M_P_L_Nigerian_5.csv,2357,non-phishing,0.5000,unknown,0.5000,qwen2.5:7b,http://localhost:11434,,"{""label"":""non-phishing"",""confidence"":0.5,""signals"":[],""rationale"":""""}","{""label"":""unknown"",""confidence"":0.5,""style_cues"":[""emotional appeal"",""request for assistance"",""financial incentive""],""rationale"":""The email contains a request for financial assistance and mentions a deceased political figure, which is common in such scams.""}"
242,0242.txt,phishing,ai,A_P_synthetic_phish.csv,572,non-phishing,0.5000,unknown,0.5000,qwen2.5:7b,http://localhost:11434,,"{""label"":""non-phishing"",""confidence"":0.5,""signals"":[],""rationale"":""""}","{""label"":""unknown"",""confidence"":0.5,""style_cues"":[""URL"",""Username/Password""],""rationale"":""Email contains a link and asks for login credentials.""}"
243,0243.txt,non-phishing,ai,A_L_kaggle.csv,474,non-phishing,0.5000,unknown,0.5000,qwen2.5:7b,http://localhost:11434,,"{""label"":""non-phishing"",""confidence"":0.5,""signals"":[],""rationale"":""""}","{""label"":""unknown"",""confidence"":0.5,""style_cues"":[""formal invitation"",""charity event"",""fundraising""],""rationale"":""Invitation email with formal tone and charitable purpose.""}"
244,0244.txt,phishing,manuale,M_P_L_Nigerian_5.csv,2964,non-phishing,0.5000,unknown,0.5000,qwen2.5:7b,http://localhost:11434,,"{""label"":""non-phishing"",""confidence"":0.5,""signals"":[],""rationale"":""""}","{""label"":""unknown"",""confidence"":0.5,""style_cues"":[""spammy language"",""suspicious subject line"",""unsolicited business proposal""],""rationale"":""The email contains unsolicited and suspicious content, typical of spam or phishing attempts.""}"
245,0245.txt,phishing,manuale,M_P_Nazario.csv,1548,non-phishing,0.8000,ai-generated,0.8000,qwen2.5:7b,http://localhost:11434,,"{""label"":""non-phishing"",""confidence"":0.8,""signals"":[""Request for payment confirmation"",""Generic UPS branding""],""rationale"":""The email contains a request for payment confirmation but uses generic language and branding consistent with official UPS communications.""}","{""label"":""ai-generated"",""confidence"":0.8,""style_cues"":[""informative"",""transactional""],""rationale"":""The email contains a notification about package status and instructions for payment and address confirmation, typical of automated shipping service communications.""}"
246,0246.txt,phishing,ai,A_P_synthetic_phish.csv,1836,non-phishing,0.8000,ai-generated,0.8000,qwen2.5:7b,http://localhost:11434,,"{""label"":""non-phishing"",""confidence"":0.8,""signals"":[],""rationale"":""""}","{""label"":""ai-generated"",""confidence"":0.8,""style_cues"":[""automatically generated"",""forward to webmail""],""rationale"":""Automated response with instructions on how to reply or contact support, typical of AI-generated messages.""}"
247,0247.txt,non-phishing,manuale,M_P_L_Nigerian_5.csv,5710,non-phishing,0.8000,manual,0.8000,qwen2.5:7b,http://localhost:11434,,"{""label"":""non-phishing"",""confidence"":0.8,""signals"":[],""rationale"":""""}","{""label"":""manual"",""confidence"":0.8,""style_cues"":[""negative language"",""specific solution proposed""],""rationale"":""The email expresses strong negative sentiment towards the Beagle application and provides a specific command to remove it, indicating manual intervention is required.""}"
248,0248.txt,non-phishing,manuale,M_P_L_Nigerian_5.csv,1092,non-phishing,0.8000,unknown,0.5000,qwen2.5:7b,http://localhost:11434,,"{""label"":""non-phishing"",""confidence"":0.8,""signals"":[],""rationale"":""""}","{""label"":""unknown"",""confidence"":0.5,""style_cues"":[],""rationale"":""""}"
249,0249.txt,non-phishing,manuale,M_P_L_Nigerian_5.csv,235,non-phishing,0.8000,unknown,0.5000,qwen2.5:7b,http://localhost:11434,,"{""label"":""non-phishing"",""confidence"":0.8,""signals"":[],""rationale"":""""}","{""label"":""unknown"",""confidence"":0.5,""style_cues"":[""formal"",""technical""],""rationale"":""Technical update with multiple program details; forwarded to operating departments.""}"
250,0250.txt,phishing,manuale,M_P_L_Nigerian_5.csv,3669,non-phishing,0.5000,unknown,0.5000,qwen2.5:7b,http://localhost:11434,,"{""label"":""non-phishing"",""confidence"":0.5,""signals"":[],""rationale"":""""}","{""label"":""unknown"",""confidence"":0.5,""style_cues"":[""formal tone"",""financial context"",""link provided""],""rationale"":""The email is formal and discusses a tax refund. It includes a link but lacks specific personal details.""}"
251,0251.txt,phishing,manuale,M_P_Nazario.csv,546,non-phishing,0.6000,unknown,0.5000,qwen2.5:7b,http://localhost:11434,,"{""label"":""non-phishing"",""confidence"":0.6,""signals"":[""request_confirmation"",""timely_action""],""rationale"":""The email mentions recent agreement to delete an account and provides options to continue using the account, which is a common non-phishing practice.""}","{""label"":""unknown"",""confidence"":0.5,""style_cues"":[""informative"",""urgent""],""rationale"":""The email contains a mix of informative and urgent language, but the style is not clearly aligned with either manual or AI-generated content.""}"
252,0252.txt,phishing,ai,A_P_synthetic_phish.csv,204,non-phishing,0.5000,unknown,0.5000,qwen2.5:7b,http://localhost:11434,,"{""label"":""non-phishing"",""confidence"":0.5,""signals"":[],""rationale"":""""}","{""label"":""unknown"",""confidence"":0.5,""style_cues"":[""link in text""],""rationale"":""Short and lacks clear indication of manual or AI generation; contains a clickable link.""}"
253,0253.txt,non-phishing,manuale,M_P_L_Nigerian_5.csv,1519,non-phishing,0.5000,unknown,0.5000,qwen2.5:7b,http://localhost:11434,,"{""label"":""non-phishing"",""confidence"":0.5,""signals"":[],""rationale"":""""}","{""label"":""unknown"",""confidence"":0.5,""style_cues"":[""inquiry"",""academic""],""rationale"":""The email appears to be an academic inquiry about statistical methods, specifically regarding the use of quasipoisson instead of poisson family in modeling.""}"
254,0254.txt,non-phishing,manuale,M_P_L_Nigerian_5.csv,492,non-phishing,0.8000,unknown,0.7000,qwen2.5:7b,http://localhost:11434,,"{""label"":""non-phishing"",""confidence"":0.8,""signals"":[],""rationale"":""""}","{""label"":""unknown"",""confidence"":0.7,""style_cues"":[""Professional"",""Informal""],""rationale"":""Email contains a subject line with specific data and mentions a file for analysis. Sender provides contact information but does not indicate if the content was created by AI or manually.""}"
255,0255.txt,non-phishing,manuale,M_P_L_Nigerian_5.csv,676,non-phishing,0.6000,unknown,0.5000,qwen2.5:7b,http://localhost:11434,,"{""label"":""non-phishing"",""confidence"":0.6,""signals"":[],""rationale"":""""}","{""label"":""unknown"",""confidence"":0.5,""style_cues"":[""religious"",""scientific""],""rationale"":""The email discusses creationism and evolution, including references to books and organizations supporting creationist views.""}"
256,0256.txt,phishing,manuale,M_P_L_Nigerian_5.csv,2711,non-phishing,0.5000,unknown,0.5000,qwen2.5:7b,http://localhost:11434,,"{""label"":""non-phishing"",""confidence"":0.5,""signals"":[],""rationale"":""""}","{""label"":""unknown"",""confidence"":0.5,""style_cues"":[""emotional appeal"",""urgent request"",""confidentiality""],""rationale"":""The email uses emotional language and urgent requests, along with claims of confidentiality, which are common in phishing attempts.""}"
257,0257.txt,non-phishing,manuale,M_P_L_Nigerian_5.csv,181,non-phishing,0.5000,unknown,0.5000,qwen2.5:7b,http://localhost:11434,,"{""label"":""non-phishing"",""confidence"":0.5,""signals"":[],""rationale"":""""}","{""label"":""unknown"",""confidence"":0.5,""style_cues"":[],""rationale"":""""}"
258,0258.txt,non-phishing,manuale,M_P_L_Nigerian_5.csv,383,non-phishing,0.5000,unknown,0.5000,qwen2.5:7b,http://localhost:11434,,"{""label"":""non-phishing"",""confidence"":0.5,""signals"":[],""rationale"":""""}","{""label"":""unknown"",""confidence"":0.5,""style_cues"":[""informal"",""personal""],""rationale"":""Short and informal email with a personal touch.""}"
259,0259.txt,phishing,manuale,M_P_Nazario.csv,1547,non-phishing,0.5000,unknown,0.5000,qwen2.5:7b,http://localhost:11434,,"{""label"":""non-phishing"",""confidence"":0.5,""signals"":[],""rationale"":""""}","{""label"":""unknown"",""confidence"":0.5,""style_cues"":[""repetitive"",""informative""],""rationale"":""The email is repetitive and informative, but lacks specific personal details.""}"
260,0260.txt,non-phishing,ai,A_L_kaggle.csv,216,non-phishing,0.5000,ai-generated,0.8000,qwen2.5:7b,http://localhost:11434,,"{""label"":""non-phishing"",""confidence"":0.5,""signals"":[],""rationale"":""""}","{""label"":""ai-generated"",""confidence"":0.8,""style_cues"":[""formal tone"",""professional context"",""call to action""],""rationale"":""The email has a formal and professional tone, uses a call to action, and includes a link for verification.""}"
261,0261.txt,phishing,manuale,M_P_Nazario.csv,698,non-phishing,0.6000,unknown,0.5000,qwen2.5:7b,http://localhost:11434,,"{""label"":""non-phishing"",""confidence"":0.6,""signals"":[],""rationale"":""""}","{""label"":""unknown"",""confidence"":0.5,""style_cues"":[""informative"",""commercial"",""timely""],""rationale"":""The email content appears to be a generic account closure notice with a call to action for service upgrade, but the sender and context are unclear.""}"
262,0262.txt,phishing,manuale,M_P_L_Nigerian_5.csv,4615,non-phishing,0.5000,unknown,0.5000,qwen2.5:7b,http://localhost:11434,,"{""label"":""non-phishing"",""confidence"":0.5,""signals"":[],""rationale"":""""}","{""label"":""unknown"",""confidence"":0.5,""style_cues"":[""emotional appeal"",""financial request"",""personal information""],""rationale"":""The email contains a mix of personal details, financial requests, and emotional appeals, which are common in phishing scams. The sender is asking for trust and assistance to transfer funds.""}"
263,0263.txt,phishing,ai,A_P_synthetic_phish.csv,4147,phishing,0.8000,unknown,0.5000,qwen2.5:7b,http://localhost:11434,,"{""label"":""phishing"",""confidence"":0.8,""signals"":[""Repeated verification request"",""Suspicious subject line""],""rationale"":""The email contains repeated verification requests and a suspiciously formatted subject line, which are common phishing tactics.""}","{""label"":""unknown"",""confidence"":0.5,""style_cues"":[""repeated text""],""rationale"":""Repeated verification request in subject.""}"
264,0264.txt,phishing,manuale,M_P_Nazario.csv,509,non-phishing,0.8000,unknown,0.5000,qwen2.5:7b,http://localhost:11434,,"{""label"":""non-phishing"",""confidence"":0.8,""signals"":[],""rationale"":""""}","{""label"":""unknown"",""confidence"":0.5,""style_cues"":[""generic email template"",""multiple links""],""rationale"":""The email uses a generic template and includes multiple links without specific personalization.""}"
265,0265.txt,phishing,manuale,M_P_L_Nigerian_5.csv,3074,non-phishing,0.6000,unknown,0.6000,qwen2.5:7b,http://localhost:11434,,"{""label"":""non-phishing"",""confidence"":0.6,""signals"":[""Generic request for assistance"",""Use of urgent and confidential language""],""rationale"":""The email uses generic language and requests urgent assistance, which are common in non-phishing contexts.""}","{""label"":""unknown"",""confidence"":0.6,""style_cues"":[""informal language"",""use of capitalization for emphasis"",""emotional appeal""],""rationale"":""The email contains informal language, uses capitalization for emphasis, and makes an emotional appeal. The sender claims to be a son of a senior official from a rebel movement but provides no verifiable information.""}"
266,0266.txt,phishing,ai,A_P_synthetic_phish.csv,3779,non-phishing,0.5000,unknown,0.5000,qwen2.5:7b,http://localhost:11434,,"{""label"":""non-phishing"",""confidence"":0.5,""signals"":[],""rationale"":""""}","{""label"":""unknown"",""confidence"":0.5,""style_cues"":[""informal language"",""abbreviations""],""rationale"":""The email contains informal language and abbreviations, which are not typical in formal organizational communications.""}"
267,0267.txt,non-phishing,manuale,M_P_L_Nigerian_5.csv,5504,non-phishing,0.5000,unknown,0.5000,qwen2.5:7b,http://localhost:11434,,"{""label"":""non-phishing"",""confidence"":0.5,""signals"":[],""rationale"":""""}","{""label"":""unknown"",""confidence"":0.5,""style_cues"":[""informative"",""technical""],""rationale"":""Discussion on user permissions in operating systems and differences between editions.""}"
268,0268.txt,non-phishing,manuale,M_P_L_Nigerian_5.csv,5635,non-phishing,0.5000,unknown,0.5000,qwen2.5:7b,http://localhost:11434,,"{""label"":""non-phishing"",""confidence"":0.5,""signals"":[],""rationale"":""""}","{""label"":""unknown"",""confidence"":0.5,""style_cues"":[""informative"",""positive""],""rationale"":""Email appears to be a response indicating a problem was resolved with assistance from others. Sender uses a common signature.""}"
269,0269.txt,phishing,manuale,M_P_L_Nigerian_5.csv,4412,non-phishing,0.5000,unknown,0.5000,qwen2.5:7b,http://localhost:11434,,"{""label"":""non-phishing"",""confidence"":0.5,""signals"":[],""rationale"":""""}","{""label"":""unknown"",""confidence"":0.5,""style_cues"":[""formal"",""emotional distress""],""rationale"":""The email expresses a personal and emotional narrative while seeking investment advice, which is unusual for typical business correspondence.""}"
270,0270.txt,phishing,manuale,M_P_Nazario.csv,1508,non-phishing,0.5000,unknown,0.5000,qwen2.5:7b,http://localhost:11434,,"{""label"":""non-phishing"",""confidence"":0.5,""signals"":[],""rationale"":""""}","{""label"":""unknown"",""confidence"":0.5,""style_cues"":[""deactivated account"",""password reset link"",""24/7 support""],""rationale"":""The email appears to be a generic security notice with a password reset link, but the content does not provide enough context to determine if it is legitimate or spam.""}"
271,0271.txt,non-phishing,manuale,M_P_L_Nigerian_5.csv,1013,non-phishing,0.8000,unknown,0.5000,qwen2.5:7b,http://localhost:11434,,"{""label"":""non-phishing"",""confidence"":0.8,""signals"":[""address_change"",""informal_language""],""rationale"":""The email provides a new email address and uses informal language, which are common in legitimate communications.""}","{""label"":""unknown"",""confidence"":0.5,""style_cues"":[""informal language"",""short message""],""rationale"":""Short and to the point with informal language.""}"
272,0272.txt,phishing,manuale,M_P_Nazario.csv,898,non-phishing,0.5000,ai-generated,0.8000,qwen2.5:7b,http://localhost:11434,,"{""label"":""non-phishing"",""confidence"":0.5,""signals"":[],""rationale"":""""}","{""label"":""ai-generated"",""confidence"":0.8,""style_cues"":[""advertising terms"",""promotional language"",""call to action""],""rationale"":""The email contains promotional content for funding options, uses a call to action, and includes advertising terms, which are typical of AI-generated marketing emails.""}"
273,0273.txt,phishing,ai,A_P_synthetic_phish.csv,1947,non-phishing,0.5000,unknown,0.5000,qwen2.5:7b,http://localhost:11434,,"{""label"":""non-phishing"",""confidence"":0.5,""signals"":[],""rationale"":""""}","{""label"":""unknown"",""confidence"":0.5,""style_cues"":[""urgent language"",""call to action""],""rationale"":""The email contains urgent language and a call to action, but the sender is unknown.""}"
274,0274.txt,phishing,manuale,M_P_L_Nigerian_5.csv,2371,non-phishing,0.5000,unknown,0.5000,qwen2.5:7b,http://localhost:11434,,"{""label"":""non-phishing"",""confidence"":0.5,""signals"":[],""rationale"":""""}","{""label"":""unknown"",""confidence"":0.5,""style_cues"":[""spammy language"",""suspicious subject line"",""request for personal information""],""rationale"":""The email contains typical spammy language, a suspicious subject line, and requests personal information which are common in phishing attempts.""}"
275,0275.txt,non-phishing,manuale,M_P_L_Nigerian_5.csv,1558,non-phishing,0.5000,ai-generated,0.8000,qwen2.5:7b,http://localhost:11434,,"{""label"":""non-phishing"",""confidence"":0.5,""signals"":[],""rationale"":""""}","{""label"":""ai-generated"",""confidence"":0.8,""style_cues"":[""formal"",""technical""],""rationale"":""The email text is technical and formal in nature, discussing statistical models and methods. It does not contain personal data or links but uses placeholders as instructed.""}"
276,0276.txt,phishing,manuale,M_P_L_Nigerian_5.csv,1826,non-phishing,0.5000,unknown,0.5000,qwen2.5:7b,http://localhost:11434,,"{""label"":""non-phishing"",""confidence"":0.5,""signals"":[],""rationale"":""""}","{""label"":""unknown"",""confidence"":0.5,""style_cues"":[""informal language"",""multiple URLs""],""rationale"":""The email contains informal language and multiple irrelevant links, making it difficult to determine if it is manual or AI-generated.""}"
277,0277.txt,phishing,ai,A_P_synthetic_phish.csv,3183,non-phishing,0.5000,unknown,0.5000,qwen2.5:7b,http://localhost:11434,,"{""label"":""non-phishing"",""confidence"":0.5,""signals"":[],""rationale"":""""}","{""label"":""unknown"",""confidence"":0.5,""style_cues"":[""alert tone"",""security concern""],""rationale"":""Potential phishing attempt due to urgency and security focus.""}"
278,0278.txt,non-phishing,ai,A_L_kaggle.csv,332,non-phishing,0.5000,ai-generated,0.8000,qwen2.5:7b,http://localhost:11434,,"{""label"":""non-phishing"",""confidence"":0.5,""signals"":[],""rationale"":""""}","{""label"":""ai-generated"",""confidence"":0.8,""style_cues"":[""informative"",""professional"",""call_to_action""],""rationale"":""The email is formal and informative, urging immediate action. It includes a call to action with a clickable link and mentions other users taking similar actions.""}"
279,0279.txt,phishing,manuale,M_P_L_Nigerian_5.csv,3328,non-phishing,0.5000,unknown,0.5000,qwen2.5:7b,http://localhost:11434,,"{""label"":""non-phishing"",""confidence"":0.5,""signals"":[],""rationale"":""""}","{""label"":""unknown"",""confidence"":0.5,""style_cues"":[""formal"",""urgent""],""rationale"":""The email contains a request for financial assistance and details of a large sum transfer, which is unusual and could indicate potential fraud.""}"
280,0280.txt,non-phishing,manuale,M_P_L_Nigerian_5.csv,537,non-phishing,0.5000,unknown,0.5000,qwen2.5:7b,http://localhost:11434,,"{""label"":""non-phishing"",""confidence"":0.5,""signals"":[],""rationale"":""""}","{""label"":""unknown"",""confidence"":0.5,""style_cues"":[""technical"",""financial""],""rationale"":""The email contains detailed financial and technical analysis, but lacks clear indication of manual or AI generation.""}"
281,0281.txt,phishing,manuale,M_P_L_Nigerian_5.csv,3852,non-phishing,0.5000,unknown,0.5000,qwen2.5:7b,http://localhost:11434,,"{""label"":""non-phishing"",""confidence"":0.5,""signals"":[],""rationale"":""""}","{""label"":""unknown"",""confidence"":0.5,""style_cues"":[""unsolicited content"",""confidential claim"",""financial request""],""rationale"":""The email contains typical characteristics of a phishing attempt with a financial request and confidential information.""}"
282,0282.txt,non-phishing,manuale,M_P_L_Nigerian_5.csv,39,non-phishing,0.5000,unknown,0.5000,qwen2.5:7b,http://localhost:11434,,"{""label"":""non-phishing"",""confidence"":0.5,""signals"":[],""rationale"":""""}","{""label"":""unknown"",""confidence"":0.5,""style_cues"":[""formal"",""professional""],""rationale"":""Email discusses legal proceedings and document management without clear indication of manual or AI generation.""}"
283,0283.txt,phishing,manuale,M_P_Nazario.csv,185,non-phishing,0.5000,unknown,0.5000,qwen2.5:7b,http://localhost:11434,,"{""label"":""non-phishing"",""confidence"":0.5,""signals"":[],""rationale"":""""}","{""label"":""unknown"",""confidence"":0.5,""style_cues"":[""repetitive"",""informative""],""rationale"":""The email is repetitive and informative, alerting the user about storage issues and upgrade options.""}"
284,0284.txt,phishing,manuale,M_P_Nazario.csv,1118,non-phishing,0.5000,unknown,0.5000,qwen2.5:7b,http://localhost:11434,,"{""label"":""non-phishing"",""confidence"":0.5,""signals"":[],""rationale"":""""}","{""label"":""unknown"",""confidence"":0.5,""style_cues"":[""informative"",""professional""],""rationale"":""The email provides detailed shipment information and instructions, but the style cues do not distinctly indicate whether it was manually or AI-generated.""}"
285,0285.txt,phishing,manuale,M_P_L_Nigerian_5.csv,3792,non-phishing,0.5000,unknown,0.5000,qwen2.5:7b,http://localhost:11434,,"{""label"":""non-phishing"",""confidence"":0.5,""signals"":[],""rationale"":""""}","{""label"":""unknown"",""confidence"":0.5,""style_cues"":[""urgent language"",""request for personal information"",""financial request""],""rationale"":""The email uses urgent language and requests personal financial details, which are common in phishing attempts.""}"
286,0286.txt,non-phishing,manuale,M_P_L_Nigerian_5.csv,6030,non-phishing,0.5000,unknown,0.5000,qwen2.5:7b,http://localhost:11434,,"{""label"":""non-phishing"",""confidence"":0.5,""signals"":[],""rationale"":""""}","{""label"":""unknown"",""confidence"":0.5,""style_cues"":[""humorous"",""forwarded content""],""rationale"":""The email contains forwarded jokes and a signature with a quote, but lacks clear indication of manual or AI generation.""}"
287,0287.txt,non-phishing,manuale,M_P_L_Nigerian_5.csv,536,non-phishing,0.5000,ai-generated,0.8000,qwen2.5:7b,http://localhost:11434,,"{""label"":""non-phishing"",""confidence"":0.5,""signals"":[],""rationale"":""""}","{""label"":""ai-generated"",""confidence"":0.8,""style_cues"":[""formal"",""professional""],""rationale"":""The email is formal and professional, providing detailed information and analysis as requested. It includes specific data and industry insights, which suggests an AI-generated response based on predefined parameters.""}"
288,0288.txt,phishing,manuale,M_P_L_Nigerian_5.csv,3990,non-phishing,0.5000,unknown,0.5000,qwen2.5:7b,http://localhost:11434,,"{""label"":""non-phishing"",""confidence"":0.5,""signals"":[],""rationale"":""""}","{""label"":""unknown"",""confidence"":0.5,""style_cues"":[""formal"",""urgent"",""confidential""],""rationale"":""The email contains suspicious financial claims and urgent requests, but lacks clear indicators of manual or AI generation.""}"
289,0289.txt,phishing,manuale,M_P_Nazario.csv,1144,non-phishing,0.5000,unknown,0.5000,qwen2.5:7b,http://localhost:11434,,"{""label"":""non-phishing"",""confidence"":0.5,""signals"":[],""rationale"":""""}","{""label"":""unknown"",""confidence"":0.5,""style_cues"":[""repeated content""],""rationale"":""The email contains repeated content with minor variations.""}"
290,0290.txt,non-phishing,manuale,M_P_L_Nigerian_5.csv,1073,non-phishing,0.5000,unknown,0.5000,qwen2.5:7b,http://localhost:11434,,"{""label"":""non-phishing"",""confidence"":0.5,""signals"":[],""rationale"":""""}","{""label"":""unknown"",""confidence"":0.5,""style_cues"":[""informative"",""technical""],""rationale"":""Technical content about email handling and processing.""}"
291,0291.txt,non-phishing,manuale,M_P_L_Nigerian_5.csv,240,non-phishing,0.5000,unknown,0.5000,qwen2.5:7b,http://localhost:11434,,"{""label"":""non-phishing"",""confidence"":0.5,""signals"":[],""rationale"":""""}","{""label"":""unknown"",""confidence"":0.5,""style_cues"":[],""rationale"":""""}"
292,0292.txt,phishing,manuale,M_P_L_Nigerian_5.csv,4541,non-phishing,0.5000,unknown,0.5000,qwen2.5:7b,http://localhost:11434,,"{""label"":""non-phishing"",""confidence"":0.5,""signals"":[],""rationale"":""""}","{""label"":""unknown"",""confidence"":0.5,""style_cues"":[""formal"",""urgent""],""rationale"":""The email contains suspicious financial requests and lacks clear indicators of authenticity or manual creation.""}"
293,0293.txt,phishing,manuale,M_P_L_Nigerian_5.csv,3145,phishing,0.8000,unknown,0.5000,qwen2.5:7b,http://localhost:11434,,"{""label"":""phishing"",""confidence"":0.8,""signals"":[""Urgent and confidential business proposition"",""Request for personal information""],""rationale"":""The email claims to be urgent and confidential, and requests the recipient's full names and address to claim a large sum of money. This is a common phishing tactic.""}","{""label"":""unknown"",""confidence"":0.5,""style_cues"":[""informal_greeting"",""urgent_language"",""confidentiality""],""rationale"":""The email uses informal language and urgent/confidential tone, but the sender's identity is unclear.""}"
294,0294.txt,non-phishing,manuale,M_P_L_Nigerian_5.csv,646,non-phishing,0.5000,unknown,0.5000,qwen2.5:7b,http://localhost:11434,,"{""label"":""non-phishing"",""confidence"":0.5,""signals"":[],""rationale"":""""}","{""label"":""unknown"",""confidence"":0.5,""style_cues"":[],""rationale"":""""}"
295,0295.txt,non-phishing,ai,A_L_kaggle.csv,804,non-phishing,0.6000,unknown,0.5000,qwen2.5:7b,http://localhost:11434,,"{""label"":""non-phishing"",""confidence"":0.6,""signals"":[],""rationale"":""""}","{""label"":""unknown"",""confidence"":0.5,""style_cues"":[""promotional language"",""call to action""],""rationale"":""The email contains promotional content and a call to action but the sender's identity is unclear.""}"
296,0296.txt,phishing,manuale,M_P_L_Nigerian_5.csv,4605,non-phishing,0.5000,unknown,0.5000,qwen2.5:7b,http://localhost:11434,,"{""label"":""non-phishing"",""confidence"":0.5,""signals"":[],""rationale"":""""}","{""label"":""unknown"",""confidence"":0.5,""style_cues"":[""solicitous"",""emotional"",""financial""],""rationale"":""The email contains a solicitation for financial assistance, emotional appeal, and details about transferring funds, which are common in potential fraud schemes.""}"
297,0297.txt,phishing,manuale,M_P_Nazario.csv,1403,non-phishing,0.5000,unknown,0.5000,qwen2.5:7b,http://localhost:11434,,"{""label"":""non-phishing"",""confidence"":0.5,""signals"":[],""rationale"":""""}","{""label"":""unknown"",""confidence"":0.5,""style_cues"":[""urgent language"",""request for personal information"",""attachment request""],""rationale"":""The email uses urgent language and requests personal information, which could indicate a phishing attempt.""}"
298,0298.txt,non-phishing,manuale,M_P_L_Nigerian_5.csv,5843,non-phishing,0.5000,unknown,0.5000,qwen2.5:7b,http://localhost:11434,,"{""label"":""non-phishing"",""confidence"":0.5,""signals"":[],""rationale"":""""}","{""label"":""unknown"",""confidence"":0.5,""style_cues"":[""informal language"",""use of abbreviations""],""rationale"":""The email contains technical details but lacks clear indication of manual or AI generation. The informal tone and use of abbreviations suggest human authorship, but this is not definitive.""}"
299,0299.txt,non-phishing,manuale,M_P_L_Nigerian_5.csv,6228,non-phishing,0.5000,ai-generated,0.8000,qwen2.5:7b,http://localhost:11434,,"{""label"":""non-phishing"",""confidence"":0.5,""signals"":[],""rationale"":""""}","{""label"":""ai-generated"",""confidence"":0.8,""style_cues"":[""technical"",""professional""],""rationale"":""The text discusses technical details and professional context related to wireless network optimization, which suggests an AI-generated response.""}"
300,0300.txt,non-phishing,manuale,M_P_L_Nigerian_5.csv,250,non-phishing,0.5000,unknown,0.5000,qwen2.5:7b,http://localhost:11434,,"{""label"":""non-phishing"",""confidence"":0.5,""signals"":[],""rationale"":""""}","{""label"":""unknown"",""confidence"":0.5,""style_cues"":[""formal"",""business""],""rationale"":""Email discusses a confidentiality agreement and includes contact information for the sender.""}"
301,0301.txt,phishing,manuale,M_P_L_Nigerian_5.csv,4278,non-phishing,0.6000,unknown,0.6000,qwen2.5:7b,http://localhost:11434,,"{""label"":""non-phishing"",""confidence"":0.6,""signals"":[],""rationale"":""""}","{""label"":""unknown"",""confidence"":0.6,""style_cues"":[""formal"",""financial""],""rationale"":""The email discusses financial matters and mentions a dormant account, but the sender's identity is questionable due to the lack of concrete details.""}"
302,0302.txt,phishing,manuale,M_P_L_Nigerian_5.csv,2059,non-phishing,0.5000,unknown,0.5000,qwen2.5:7b,http://localhost:11434,,"{""label"":""non-phishing"",""confidence"":0.5,""signals"":[],""rationale"":""""}","{""label"":""unknown"",""confidence"":0.5,""style_cues"":[""formal"",""confidential"",""urgent""],""rationale"":""The email contains a request for assistance with a confidential transaction involving large sums of money, which is unusual and suspicious. The sender requests personal details and insists on strict confidentiality.""}"
303,0303.txt,phishing,manuale,M_P_Nazario.csv,1373,non-phishing,0.5000,unknown,0.5000,qwen2.5:7b,http://localhost:11434,,"{""label"":""non-phishing"",""confidence"":0.5,""signals"":[],""rationale"":""""}","{""label"":""unknown"",""confidence"":0.5,""style_cues"":[""repeated_content""],""rationale"":""The email contains repeated content in different parts of the message.""}"
304,0304.txt,phishing,manuale,M_P_Nazario.csv,935,non-phishing,0.5000,ai-generated,0.8000,qwen2.5:7b,http://localhost:11434,,"{""label"":""non-phishing"",""confidence"":0.5,""signals"":[],""rationale"":""""}","{""label"":""ai-generated"",""confidence"":0.8,""style_cues"":[""formal"",""commercial"",""brief""],""rationale"":""The email follows a standard commercial template and is brief.""}"
305,0305.txt,phishing,manuale,M_P_L_Nigerian_5.csv,4490,non-phishing,0.5000,unknown,0.5000,qwen2.5:7b,http://localhost:11434,,"{""label"":""non-phishing"",""confidence"":0.5,""signals"":[],""rationale"":""""}","{""label"":""unknown"",""confidence"":0.5,""style_cues"":[""generic scam language"",""emotional appeal"",""request for personal information""],""rationale"":""The email uses generic scam language, makes an emotional appeal by referencing a deceased individual, and requests personal information which is common in such scams.""}"
306,0306.txt,non-phishing,manuale,M_P_L_Nigerian_5.csv,879,non-phishing,0.5000,ai-generated,0.7000,qwen2.5:7b,http://localhost:11434,,"{""label"":""non-phishing"",""confidence"":0.5,""signals"":[],""rationale"":""""}","{""label"":""ai-generated"",""confidence"":0.7,""style_cues"":[""technical"",""academic""],""rationale"":""The email contains technical and academic language related to programming and logic, suggesting it was likely written by an AI or a highly skilled human.""}"
307,0307.txt,phishing,manuale,M_P_L_Nigerian_5.csv,4906,non-phishing,0.5000,unknown,0.5000,qwen2.5:7b,http://localhost:11434,,"{""label"":""non-phishing"",""confidence"":0.5,""signals"":[],""rationale"":""""}","{""label"":""unknown"",""confidence"":0.5,""style_cues"":[""urgency"",""personalized_greeting"",""financial_interest""],""rationale"":""The email contains typical spam characteristics such as urgency, a personalized greeting, and an offer of financial gain. However, the sender's identity and details are suspicious, making it unclear if this is legitimate or not.""}"
308,0308.txt,non-phishing,ai,A_L_kaggle.csv,214,non-phishing,0.5000,ai-generated,0.8000,qwen2.5:7b,http://localhost:11434,,"{""label"":""non-phishing"",""confidence"":0.5,""signals"":[],""rationale"":""""}","{""label"":""ai-generated"",""confidence"":0.8,""style_cues"":[""professional tone"",""uses placeholders for URLs and names"",""formal greeting and closing""],""rationale"":""The email has a formal tone and uses placeholders for the URL and name, indicating it was likely generated by an AI system.""}"
309,0309.txt,non-phishing,manuale,M_P_L_Nigerian_5.csv,1234,non-phishing,0.5000,unknown,0.5000,qwen2.5:7b,http://localhost:11434,,"{""label"":""non-phishing"",""confidence"":0.5,""signals"":[],""rationale"":""""}","{""label"":""unknown"",""confidence"":0.5,""style_cues"":[],""rationale"":""""}"
310,0310.txt,non-phishing,manuale,M_P_L_Nigerian_5.csv,543,non-phishing,0.5000,unknown,0.5000,qwen2.5:7b,http://localhost:11434,,"{""label"":""non-phishing"",""confidence"":0.5,""signals"":[],""rationale"":""""}","{""label"":""unknown"",""confidence"":0.5,""style_cues"":[""formal"",""brief"",""工作任务""],""rationale"":""邮件通知团队成员提交评估表，内容简洁明了。""}"
311,0311.txt,non-phishing,manuale,M_P_L_Nigerian_5.csv,5132,non-phishing,0.6000,unknown,0.5000,qwen2.5:7b,http://localhost:11434,,"{""label"":""non-phishing"",""confidence"":0.6,""signals"":[],""rationale"":""""}","{""label"":""unknown"",""confidence"":0.5,""style_cues"":[""brief update""],""rationale"":""Short change log without detailed explanation.""}"
312,0312.txt,non-phishing,manuale,M_P_L_Nigerian_5.csv,1757,non-phishing,0.5000,unknown,0.5000,qwen2.5:7b,http://localhost:11434,,"{""label"":""non-phishing"",""confidence"":0.5,""signals"":[],""rationale"":""""}","{""label"":""unknown"",""confidence"":0.5,""style_cues"":[],""rationale"":""""}"
313,0313.txt,non-phishing,manuale,M_P_L_Nigerian_5.csv,663,non-phishing,0.5000,unknown,0.5000,qwen2.5:7b,http://localhost:11434,,"{""label"":""non-phishing"",""confidence"":0.5,""signals"":[],""rationale"":""""}","{""label"":""unknown"",""confidence"":0.5,""style_cues"":[""personal_signature"",""joke""],""rationale"":""The email contains a personal signature with a reference to '42' from The Hitchhiker's Guide to the Galaxy and includes a joke, suggesting a casual tone.""}"
314,0314.txt,phishing,manuale,M_P_Nazario.csv,1372,non-phishing,0.5000,ai-generated,0.8000,qwen2.5:7b,http://localhost:11434,,"{""label"":""non-phishing"",""confidence"":0.5,""signals"":[],""rationale"":""""}","{""label"":""ai-generated"",""confidence"":0.8,""style_cues"":[""informative"",""commercial""],""rationale"":""The email contains promotional content and a tracking link, which is typical of AI-generated marketing communications.""}"
315,0315.txt,non-phishing,manuale,M_P_L_Nigerian_5.csv,5331,non-phishing,0.6000,unknown,0.5000,qwen2.5:7b,http://localhost:11434,,"{""label"":""non-phishing"",""confidence"":0.6,""signals"":[],""rationale"":""""}","{""label"":""unknown"",""confidence"":0.5,""style_cues"":[""formal"",""technical""],""rationale"":""Technical email discussing regex with specific details and references.""}"
316,0316.txt,non-phishing,manuale,M_P_L_Nigerian_5.csv,1091,non-phishing,0.9000,unknown,0.5000,qwen2.5:7b,http://localhost:11434,,"{""label"":""non-phishing"",""confidence"":0.9,""signals"":[],""rationale"":""""}","{""label"":""unknown"",""confidence"":0.5,""style_cues"":[],""rationale"":""""}"
317,0317.txt,phishing,ai,A_P_synthetic_phish.csv,929,non-phishing,0.5000,unknown,0.5000,qwen2.5:7b,http://localhost:11434,,"{""label"":""non-phishing"",""confidence"":0.5,""signals"":[],""rationale"":""""}","{""label"":""unknown"",""confidence"":0.5,""style_cues"":[""link in text"",""abbreviated date""],""rationale"":""The email contains a password expiration warning and an unusual URL with random characters, which could indicate phishing.""}"
318,0318.txt,non-phishing,manuale,M_P_L_Nigerian_5.csv,5981,non-phishing,0.5000,unknown,0.5000,qwen2.5:7b,http://localhost:11434,,"{""label"":""non-phishing"",""confidence"":0.5,""signals"":[],""rationale"":""""}","{""label"":""unknown"",""confidence"":0.5,""style_cues"":[],""rationale"":""""}"
319,0319.txt,phishing,ai,A_P_synthetic_phish.csv,1340,non-phishing,0.5000,unknown,0.5000,qwen2.5:7b,http://localhost:11434,,"{""label"":""non-phishing"",""confidence"":0.5,""signals"":[],""rationale"":""""}","{""label"":""unknown"",""confidence"":0.5,""style_cues"":[""link in text""],""rationale"":""The email contains a generic message about exceeding storage limits with a verification link, but lacks specific details or personalization that would indicate it was manually crafted.""}"
320,0320.txt,phishing,manuale,M_P_L_Nigerian_5.csv,4969,non-phishing,0.5000,unknown,0.5000,qwen2.5:7b,http://localhost:11434,,"{""label"":""non-phishing"",""confidence"":0.5,""signals"":[],""rationale"":""""}","{""label"":""unknown"",""confidence"":0.5,""style_cues"":[""spammy language"",""urgent call to action""],""rationale"":""The email contains typical spam language and an urgent call to action, but the sender's identity is unclear.""}"
321,0321.txt,non-phishing,ai,A_L_kaggle.csv,274,non-phishing,0.5000,ai-generated,0.8000,qwen2.5:7b,http://localhost:11434,,"{""label"":""non-phishing"",""confidence"":0.5,""signals"":[],""rationale"":""""}","{""label"":""ai-generated"",""confidence"":0.8,""style_cues"":[""formal"",""professional"",""call_to_action""],""rationale"":""The email has a formal and professional tone typical of AI-generated content. It includes a call to action with a link.""}"
322,0322.txt,non-phishing,manuale,M_P_L_Nigerian_5.csv,765,non-phishing,0.9000,unknown,0.5000,qwen2.5:7b,http://localhost:11434,,"{\n    ""label"": ""non-phishing"",\n    ""confidence"": 0.9,\n    ""signals"": [],\n    ""rationale"": """"\n}","{""label"":""unknown"",""confidence"":0.5,""style_cues"":[],""rationale"":""""}"
323,0323.txt,phishing,manuale,M_P_Nazario.csv,1263,non-phishing,0.5000,unknown,0.5000,qwen2.5:7b,http://localhost:11434,,"{""label"":""non-phishing"",""confidence"":0.5,""signals"":[],""rationale"":""""}","{""label"":""unknown"",""confidence"":0.5,""style_cues"":[""urgent language"",""confidentiality notice""],""rationale"":""Urgent language and confidentiality notice present but no clear indication of manual or AI generation.""}"
324,0324.txt,non-phishing,manuale,M_P_L_Nigerian_5.csv,6016,non-phishing,0.5000,unknown,0.5000,qwen2.5:7b,http://localhost:11434,,"{""label"":""non-phishing"",""confidence"":0.5,""signals"":[],""rationale"":""""}","{""label"":""unknown"",""confidence"":0.5,""style_cues"":[""informative"",""requesting""],""rationale"":""The email is informative and requests a rebuild of the RH freetype rpm.""}"
325,0325.txt,non-phishing,manuale,M_P_L_Nigerian_5.csv,241,non-phishing,0.8000,unknown,0.7000,qwen2.5:7b,http://localhost:11434,,"{""label"":""non-phishing"",""confidence"":0.8,""signals"":[],""rationale"":""""}","{""label"":""unknown"",""confidence"":0.7,""style_cues"":[""Professional"",""Informal""],""rationale"":""Email contains a subject line with specific data and mentions a file for analysis. Sender's name and contact information are provided.""}"
326,0326.txt,non-phishing,manuale,M_P_L_Nigerian_5.csv,1723,non-phishing,0.5000,unknown,0.5000,qwen2.5:7b,http://localhost:11434,,"{""label"":""non-phishing"",""confidence"":0.5,""signals"":[],""rationale"":""""}","{""label"":""unknown"",""confidence"":0.5,""style_cues"":[],""rationale"":""""}"
327,0327.txt,phishing,manuale,M_P_L_Nigerian_5.csv,2605,non-phishing,0.5000,unknown,0.5000,qwen2.5:7b,http://localhost:11434,,"{""label"":""non-phishing"",""confidence"":0.5,""signals"":[],""rationale"":""""}","{""label"":""unknown"",""confidence"":0.5,""style_cues"":[""royal claims"",""financial mismanagement allegations"",""confidentiality request""],""rationale"":""The email contains suspicious royal claims and financial allegations, but lacks clear evidence to categorize it as AI-generated or manual. The sender requests confidentiality and a response.""}"
328,0328.txt,phishing,manuale,M_P_L_Nigerian_5.csv,1960,phishing,0.9000,unknown,0.5000,qwen2.5:7b,http://localhost:11434,,"{""label"":""phishing"",""confidence"":0.9,""signals"":[""suspicious subject line with large sum of money"",""request for personal information"",""promise of financial gain in exchange for cooperation"",""use of generic title and name""],""rationale"":""The email contains a suspicious subject line offering a large sum of money, requests personal information, promises financial gain in exchange for cooperation, and u","{""label"":""unknown"",""confidence"":0.5,""style_cues"":[""suspicious subject line"",""use of deceased individual's name"",""promises of large sums"",""request for personal information""],""rationale"":""The email contains a suspicious subject line mentioning a large sum of money, references to a deceased individual, and requests personal details without proper verification. These are common indicators of potential"
329,0329.txt,phishing,manuale,M_P_Nazario.csv,1229,non-phishing,0.5000,unknown,0.5000,qwen2.5:7b,http://localhost:11434,,"{""label"":""non-phishing"",""confidence"":0.5,""signals"":[],""rationale"":""""}","{""label"":""unknown"",""confidence"":0.5,""style_cues"":[""automated message"",""password expiration""],""rationale"":""Automated email notification about password expiration without specific instructions or links.""}"
330,0330.txt,phishing,manuale,M_P_L_Nigerian_5.csv,2582,non-phishing,0.5000,unknown,0.5000,qwen2.5:7b,http://localhost:11434,,"{""label"":""non-phishing"",""confidence"":0.5,""signals"":[],""rationale"":""""}","{""label"":""unknown"",""confidence"":0.5,""style_cues"":[""emotional appeal"",""confidentiality""],""rationale"":""The email contains emotional and confidential content but lacks clear indicators of being manually or AI-generated.""}"
331,0331.txt,non-phishing,manuale,M_P_L_Nigerian_5.csv,5709,non-phishing,0.5000,unknown,0.5000,qwen2.5:7b,http://localhost:11434,,"{""label"":""non-phishing"",""confidence"":0.5,""signals"":[],""rationale"":""""}","{""label"":""unknown"",""confidence"":0.5,""style_cues"":[""technical language"",""code snippets""],""rationale"":""The email contains technical terms and code snippets related to software development, but the context is not clear enough to determine if it was manually or AI-generated.""}"
332,0332.txt,non-phishing,manuale,M_P_L_Nigerian_5.csv,5604,non-phishing,0.5000,unknown,0.5000,qwen2.5:7b,http://localhost:11434,,"{""label"":""non-phishing"",""confidence"":0.5,""signals"":[],""rationale"":""""}","{""label"":""unknown"",""confidence"":0.5,""style_cues"":[],""rationale"":""""}"
333,0333.txt,non-phishing,manuale,M_P_L_Nigerian_5.csv,473,non-phishing,0.5000,unknown,0.5000,qwen2.5:7b,http://localhost:11434,,"{""label"":""non-phishing"",""confidence"":0.5,""signals"":[],""rationale"":""""}","{""label"":""unknown"",""confidence"":0.5,""style_cues"":[""confidentiality notice""],""rationale"":""Email lacks subject content and contains a standard confidentiality warning.""}"
334,0334.txt,phishing,manuale,M_P_L_Nigerian_5.csv,1895,non-phishing,0.5000,unknown,0.5000,qwen2.5:7b,http://localhost:11434,,"{""label"":""non-phishing"",""confidence"":0.5,""signals"":[],""rationale"":""""}","{""label"":""unknown"",""confidence"":0.5,""style_cues"":[""religious language"",""financial assistance request""],""rationale"":""The email contains religious content and a plea for financial assistance, but the authenticity of the sender cannot be verified.""}"
335,0335.txt,non-phishing,manuale,M_P_L_Nigerian_5.csv,5775,non-phishing,0.5000,unknown,0.5000,qwen2.5:7b,http://localhost:11434,,"{""label"":""non-phishing"",""confidence"":0.5,""signals"":[],""rationale"":""""}","{""label"":""unknown"",""confidence"":0.5,""style_cues"":[""sarcastic"",""critical"",""informal""],""rationale"":""The email expresses skepticism towards a claim without providing clear evidence or conclusion. The tone is critical and sarcastic, questioning the validity of the information provided.""}"
336,0336.txt,non-phishing,manuale,M_P_L_Nigerian_5.csv,837,non-phishing,0.5000,unknown,0.5000,qwen2.5:7b,http://localhost:11434,,"{""label"":""non-phishing"",""confidence"":0.5,""signals"":[],""rationale"":""""}","{""label"":""unknown"",""confidence"":0.5,""style_cues"":[""informal"",""uses abbreviations""],""rationale"":""The email is informal and uses abbreviations like 'DFA', 'regexp'. The sender also mentions a personal preference for not including a witty saying.""}"
337,0337.txt,phishing,manuale,M_P_L_Nigerian_5.csv,3891,non-phishing,0.5000,unknown,0.5000,qwen2.5:7b,http://localhost:11434,,"{""label"":""non-phishing"",""confidence"":0.5,""signals"":[],""rationale"":""""}","{""label"":""unknown"",""confidence"":0.5,""style_cues"":[""formal"",""inquiry""],""rationale"":""The email appears to be a formal inquiry regarding an investment client's title transfer, but there is no clear indication if it was manually or AI-generated.""}"
338,0338.txt,non-phishing,ai,A_L_kaggle.csv,374,non-phishing,0.8000,ai-generated,0.8000,qwen2.5:7b,http://localhost:11434,,"{""label"":""non-phishing"",""confidence"":0.8,""signals"":[],""rationale"":""""}","{""label"":""ai-generated"",""confidence"":0.8,""style_cues"":[""informative"",""professional"",""community-focused""],""rationale"":""The email is formal and informative, providing community-related updates and encouraging engagement with external resources. It aligns with typical AI-generated content for community outreach.""}"
339,0339.txt,phishing,ai,A_P_synthetic_phish.csv,4595,non-phishing,0.8000,unknown,0.5000,qwen2.5:7b,http://localhost:11434,,"{""label"":""non-phishing"",""confidence"":0.8,""signals"":[],""rationale"":""""}","{""label"":""unknown"",""confidence"":0.5,""style_cues"":[""formal"",""positive""],""rationale"":""The email content is formal and congratulatory, but there are no clear indicators if it was manually or AI-generated.""}"
340,0340.txt,phishing,manuale,M_P_L_Nigerian_5.csv,2509,non-phishing,0.6000,unknown,0.7000,qwen2.5:7b,http://localhost:11434,,"{""label"":""non-phishing"",""confidence"":0.6,""signals"":[],""rationale"":""""}","{""label"":""unknown"",""confidence"":0.7,""style_cues"":[""informal language"",""suspicious content""],""rationale"":""The email contains informal language and suspicious content related to a large sum of money transfer, which is common in phishing scams.""}"
341,0341.txt,non-phishing,manuale,M_P_L_Nigerian_5.csv,6280,non-phishing,0.5000,unknown,0.5000,qwen2.5:7b,http://localhost:11434,,"{""label"":""non-phishing"",""confidence"":0.5,""signals"":[],""rationale"":""""}","{""label"":""unknown"",""confidence"":0.5,""style_cues"":[""casual language"",""technical discussion""],""rationale"":""The email discusses technical aspects of file caching and digital signatures in P2P systems, comparing XDegrees to other technologies without clear indication of manual or AI generation.""}"
342,0342.txt,non-phishing,manuale,M_P_L_Nigerian_5.csv,1372,non-phishing,0.5000,unknown,0.5000,qwen2.5:7b,http://localhost:11434,,"{""label"":""non-phishing"",""confidence"":0.5,""signals"":[],""rationale"":""""}","{""label"":""unknown"",""confidence"":0.5,""style_cues"":[],""rationale"":""""}"
343,0343.txt,non-phishing,manuale,M_P_L_Nigerian_5.csv,1648,non-phishing,0.5000,unknown,0.5000,qwen2.5:7b,http://localhost:11434,,"{\n    ""label"": ""non-phishing"",\n    ""confidence"": 0.5,\n    ""signals"": [],\n    ""rationale"": """"\n}","{""label"":""unknown"",""confidence"":0.5,""style_cues"":[""technical""],""rationale"":""Technical error message with compiler warnings and errors, no clear indication of manual or AI generation.""}"
344,0344.txt,non-phishing,manuale,M_P_L_Nigerian_5.csv,5210,non-phishing,0.5000,unknown,0.5000,qwen2.5:7b,http://localhost:11434,,"{""label"":""non-phishing"",""confidence"":0.5,""signals"":[],""rationale"":""""}","{""label"":""unknown"",""confidence"":0.5,""style_cues"":[""informal language"",""question asked""],""rationale"":""The email contains a reply to another comment and asks about OSes tried, indicating some uncertainty. The language is informal.""}"
345,0345.txt,non-phishing,manuale,M_P_L_Nigerian_5.csv,1232,non-phishing,0.5000,unknown,0.5000,qwen2.5:7b,http://localhost:11434,,"{""label"":""non-phishing"",""confidence"":0.5,""signals"":[],""rationale"":""""}","{""label"":""unknown"",""confidence"":0.5,""style_cues"":[],""rationale"":""""}"
346,0346.txt,non-phishing,manuale,M_P_L_Nigerian_5.csv,5563,non-phishing,0.5000,unknown,0.5000,qwen2.5:7b,http://localhost:11434,,"{""label"":""non-phishing"",""confidence"":0.5,""signals"":[],""rationale"":""""}","{""label"":""unknown"",""confidence"":0.5,""style_cues"":[""formal"",""technical""],""rationale"":""Technical discussion on power supply efficiency and load.""}"
347,0347.txt,phishing,ai,A_P_synthetic_phish.csv,2277,non-phishing,0.5000,unknown,0.5000,qwen2.5:7b,http://localhost:11434,,"{""label"":""non-phishing"",""confidence"":0.5,""signals"":[],""rationale"":""""}","{""label"":""unknown"",""confidence"":0.5,""style_cues"":[""informal language"",""abbreviations""],""rationale"":""The email uses informal language and contains an abbreviation.""}"
348,0348.txt,phishing,manuale,M_P_Nazario.csv,277,non-phishing,0.5000,unknown,0.5000,qwen2.5:7b,http://localhost:11434,,"{""label"":""non-phishing"",""confidence"":0.5,""signals"":[""repeated content"",""ignore instruction""],""rationale"":""The email contains repeated content and an ignore instruction, which are not typical phishing characteristics.""}","{""label"":""unknown"",""confidence"":0.5,""style_cues"":[""repeated content""],""rationale"":""Repeated email body.""}"
349,0349.txt,phishing,manuale,M_P_L_Nigerian_5.csv,2452,non-phishing,0.5000,unknown,0.5000,qwen2.5:7b,http://localhost:11434,,"{""label"":""non-phishing"",""confidence"":0.5,""signals"":[],""rationale"":""""}","{""label"":""unknown"",""confidence"":0.5,""style_cues"":[""spammy language"",""suspicious story""],""rationale"":""The email contains typical spammy language and a suspicious, improbable story about financial troubles and hidden wealth.""}"
350,0350.txt,phishing,manuale,M_P_L_Nigerian_5.csv,3705,non-phishing,0.5000,unknown,0.5000,qwen2.5:7b,http://localhost:11434,,"{""label"":""non-phishing"",""confidence"":0.5,""signals"":[],""rationale"":""""}","{""label"":""unknown"",""confidence"":0.5,""style_cues"":[""spammy language"",""suspicious subject line"",""personal financial details""],""rationale"":""The email contains typical spammy language, a suspicious subject line, and personal financial details that are too specific to be genuine.""}"
351,0351.txt,non-phishing,ai,A_L_kaggle.csv,67,non-phishing,0.5000,ai-generated,0.8000,qwen2.5:7b,http://localhost:11434,,"{""label"":""non-phishing"",""confidence"":0.5,""signals"":[],""rationale"":""""}","{""label"":""ai-generated"",""confidence"":0.8,""style_cues"":[""professional"",""informative"","" promotional""],""rationale"":""The email is formal and informative, promoting a service with a call to action. It follows a standard template used in automated customer service emails.""}"
352,0352.txt,non-phishing,manuale,M_P_L_Nigerian_5.csv,877,non-phishing,0.5000,ai-generated,0.8000,qwen2.5:7b,http://localhost:11434,,"{""label"":""non-phishing"",""confidence"":0.5,""signals"":[],""rationale"":""""}","{""label"":""ai-generated"",""confidence"":0.8,""style_cues"":[""technical"",""code""],""rationale"":""The email contains technical discussion about programming languages and includes code snippets for generating truth tables, indicating an AI-generated content.""}"
353,0353.txt,non-phishing,manuale,M_P_L_Nigerian_5.csv,6153,non-phishing,0.5000,unknown,0.5000,qwen2.5:7b,http://localhost:11434,,"{""label"":""non-phishing"",""confidence"":0.5,""signals"":[],""rationale"":""""}","{""label"":""unknown"",""confidence"":0.5,""style_cues"":[""exclamation"",""informal""],""rationale"":""Short and exclamatory subject line with informal language.""}"
354,0354.txt,phishing,manuale,M_P_Nazario.csv,225,non-phishing,0.5000,ai-generated,0.8000,qwen2.5:7b,http://localhost:11434,,"{""label"":""non-phishing"",""confidence"":0.5,""signals"":[""Repeated message"",""Formal language""],""rationale"":""The email contains a repeated message and formal language, which are common in legitimate IT communications.""}","{""label"":""ai-generated"",""confidence"":0.8,""style_cues"":[""repetitive"",""formal"",""urgent""],""rationale"":""The email contains repetitive content and a formal tone, with an urgent message prompting password change.""}"
355,0355.txt,phishing,manuale,M_P_L_Nigerian_5.csv,5114,non-phishing,0.5000,unknown,0.5000,qwen2.5:7b,http://localhost:11434,,"{""label"":""non-phishing"",""confidence"":0.5,""signals"":[],""rationale"":""""}","{""label"":""unknown"",""confidence"":0.5,""style_cues"":[""urgent request"",""confidential information"",""financial gain""],""rationale"":""The email contains a suspicious and urgent request for assistance with financial matters, which is often a hallmark of phishing attempts.""}"
356,0356.txt,phishing,manuale,M_P_Nazario.csv,1068,non-phishing,0.5000,unknown,0.5000,qwen2.5:7b,http://localhost:11434,,"{""label"":""non-phishing"",""confidence"":0.5,""signals"":[],""rationale"":""""}","{""label"":""unknown"",""confidence"":0.5,""style_cues"":[""formal"",""business"",""request_confirmation""],""rationale"":""Email requests confirmation of a change in account nomination.""}"
357,0357.txt,phishing,manuale,M_P_Nazario.csv,1046,non-phishing,0.5000,unknown,0.5000,qwen2.5:7b,http://localhost:11434,,"{""label"":""non-phishing"",""confidence"":0.5,""signals"":[],""rationale"":""""}","{""label"":""unknown"",""confidence"":0.5,""style_cues"":[""spammy"",""soliciting"",""urgent""],""rationale"":""The email appears to be spam, soliciting a response for validation of an alleged selection as a beneficiary of a charitable foundation. The content is generic and lacks any personal or specific details.""}"
358,0358.txt,phishing,manuale,M_P_L_Nigerian_5.csv,3868,non-phishing,0.5000,unknown,0.5000,qwen2.5:7b,http://localhost:11434,,"{""label"":""non-phishing"",""confidence"":0.5,""signals"":[],""rationale"":""""}","{""label"":""unknown"",""confidence"":0.5,""style_cues"":[""Urgent"",""Payment"",""Personal_details""],""rationale"":""The email contains urgent language, requests payment details, and asks for personal information, which are common in phishing scams.""}"
359,0359.txt,phishing,manuale,M_P_L_Nigerian_5.csv,3568,non-phishing,0.5000,unknown,0.5000,qwen2.5:7b,http://localhost:11434,,"{""label"":""non-phishing"",""confidence"":0.5,""signals"":[],""rationale"":""""}","{""label"":""unknown"",""confidence"":0.5,""style_cues"":[""commercial"",""seeking partnerships""],""rationale"":""The email is commercial in nature, seeking representatives for international expansion. It lacks clear indication of manual or AI generation.""}"
360,0360.txt,phishing,manuale,M_P_Nazario.csv,1516,non-phishing,0.5000,unknown,0.5000,qwen2.5:7b,http://localhost:11434,,"{""label"":""non-phishing"",""confidence"":0.5,""signals"":[],""rationale"":""""}","{""label"":""unknown"",""confidence"":0.5,""style_cues"":[""repeated message"",""uppercase text""],""rationale"":""The email contains a repeated message and uses uppercase text for emphasis.""}"
361,0361.txt,phishing,manuale,M_P_L_Nigerian_5.csv,2970,non-phishing,0.5000,unknown,0.5000,qwen2.5:7b,http://localhost:11434,,"{""label"":""non-phishing"",""confidence"":0.5,""signals"":[],""rationale"":""""}","{""label"":""unknown"",""confidence"":0.5,""style_cues"":[""informal_greeting"",""suspicious_content"",""poor_grammar""],""rationale"":""The email contains a suspicious and informal tone, poor grammar, and mentions an unclaimed large sum of money, which are common characteristics of phishing attempts.""}"
362,0362.txt,phishing,ai,A_P_synthetic_phish.csv,4049,non-phishing,0.5000,unknown,0.5000,qwen2.5:7b,http://localhost:11434,,"{""label"":""non-phishing"",""confidence"":0.5,""signals"":[],""rationale"":""""}","{""label"":""unknown"",""confidence"":0.5,""style_cues"":[""password expiration notice"",""link provided""],""rationale"":""Email contains a password expiration notice and provides a link.""}"
363,0363.txt,phishing,manuale,M_P_L_Nigerian_5.csv,1973,non-phishing,0.5000,unknown,0.5000,qwen2.5:7b,http://localhost:11434,,"{""label"":""non-phishing"",""confidence"":0.5,""signals"":[],""rationale"":""""}","{""label"":""unknown"",""confidence"":0.5,""style_cues"":[""emotional appeal"",""financial urgency"",""personal tragedy""],""rationale"":""The email contains a personal and tragic backstory with urgent financial requests, which is common in phishing attempts.""}"
364,0364.txt,non-phishing,ai,A_L_kaggle.csv,284,non-phishing,0.8000,unknown,0.5000,qwen2.5:7b,http://localhost:11434,,"{""label"":""non-phishing"",""confidence"":0.8,""signals"":[],""rationale"":""""}","{""label"":""unknown"",""confidence"":0.5,""style_cues"":[""professional"",""enthusiastic"",""promotional""],""rationale"":""The email is promotional in nature but lacks a clear indication of whether it was manually crafted or generated by AI.""}"
365,0365.txt,non-phishing,manuale,M_P_L_Nigerian_5.csv,551,non-phishing,0.9000,unknown,0.5000,qwen2.5:7b,http://localhost:11434,,"{""label"":""non-phishing"",""confidence"":0.9,""signals"":[],""rationale"":""""}","{""label"":""unknown"",""confidence"":0.5,""style_cues"":[""formal"",""professional"",""brief""],""rationale"":""Email content is structured and formal with a clear purpose, but lacks distinctive AI-generated characteristics.""}"
366,0366.txt,non-phishing,ai,A_L_kaggle.csv,665,non-phishing,0.8000,unknown,0.5000,qwen2.5:7b,http://localhost:11434,,"{""label"":""non-phishing"",""confidence"":0.8,""signals"":[],""rationale"":""""}","{""label"":""unknown"",""confidence"":0.5,""style_cues"":[""formal"",""supportive"",""community-oriented""],""rationale"":""The email is formal and supportive, indicating a community-focused initiative during the pandemic. The sender encourages collaboration and provides information on support services.""}"
367,0367.txt,phishing,manuale,M_P_L_Nigerian_5.csv,2753,non-phishing,0.5000,unknown,0.5000,qwen2.5:7b,http://localhost:11434,,"{""label"":""non-phishing"",""confidence"":0.5,""signals"":[],""rationale"":""""}","{""label"":""unknown"",""confidence"":0.5,""style_cues"":[""informal_greeting"",""emotional_language"",""financial_request""],""rationale"":""The email contains a financial request from an unknown individual with no clear indication of whether it was manually or AI-generated. The content is suspicious and includes emotional language, informal greeting, and a large sum of money requested for an unclear purpose.""}"
368,0368.txt,non-phishing,manuale,M_P_L_Nigerian_5.csv,14,non-phishing,0.5000,unknown,0.5000,qwen2.5:7b,http://localhost:11434,,"{""label"":""non-phishing"",""confidence"":0.5,""signals"":[],""rationale"":""""}","{""label"":""unknown"",""confidence"":0.5,""style_cues"":[""informative"",""requesting information""],""rationale"":""Email discusses pathing deals for specific months but does not clearly indicate manual or AI generation.""}"
369,0369.txt,non-phishing,manuale,M_P_L_Nigerian_5.csv,1005,non-phishing,0.5000,unknown,0.5000,qwen2.5:7b,http://localhost:11434,,"{""label"":""non-phishing"",""confidence"":0.5,""signals"":[],""rationale"":""""}","{""label"":""unknown"",""confidence"":0.5,""style_cues"":[""informative"",""professional"",""educational""],""rationale"":""Email provides information about a symposium and organization details without clear indication of manual or AI generation.""}"
370,0370.txt,phishing,manuale,M_P_L_Nigerian_5.csv,3780,non-phishing,0.6000,unknown,0.6000,qwen2.5:7b,http://localhost:11434,,"{""label"":""non-phishing"",""confidence"":0.6,""signals"":[],""rationale"":""""}","{""label"":""unknown"",""confidence"":0.6,""style_cues"":[""emotional appeal"",""urgent request"",""financial incentive""],""rationale"":""The email contains typical characteristics of a phishing scam, including an urgent plea for help and promises of financial gain in exchange for assistance.""}"
371,0371.txt,phishing,manuale,M_P_Nazario.csv,703,non-phishing,0.6000,unknown,0.5000,qwen2.5:7b,http://localhost:11434,,"{""label"":""non-phishing"",""confidence"":0.6,""signals"":[""generic email format"",""request for help with account issue"",""instructions to mark as not spam""],""rationale"":""The email follows a generic format and requests assistance with an account issue, which is common for legitimate services. The instructions to mark the message as not spam are typical of legitimate communications.""}","{""label"":""unknown"",""confidence"":0.5,""style_cues"":[""informative"",""commercial""],""rationale"":""The email provides account limitation details but lacks clear indication of manual or AI generation.""}"
372,0372.txt,non-phishing,ai,A_L_kaggle.csv,234,non-phishing,0.5000,ai-generated,0.8000,qwen2.5:7b,http://localhost:11434,,"{""label"":""non-phishing"",""confidence"":0.5,""signals"":[],""rationale"":""""}","{""label"":""ai-generated"",""confidence"":0.8,""style_cues"":[""formal tone"",""promotion of interaction"",""social media context""],""rationale"":""The email has a formal tone and promotes user interaction on the platform. It also includes a link to view a notification, which is typical of automated notifications.""}"
373,0373.txt,phishing,ai,A_P_synthetic_phish.csv,1866,non-phishing,0.5000,unknown,0.5000,qwen2.5:7b,http://localhost:11434,,"{""label"":""non-phishing"",""confidence"":0.5,""signals"":[],""rationale"":""""}","{""label"":""unknown"",""confidence"":0.5,""style_cues"":[""informative"",""urgent""],""rationale"":""Urgent action required; link provided for account access.""}"
374,0374.txt,phishing,manuale,M_P_L_Nigerian_5.csv,4114,non-phishing,0.5000,unknown,0.5000,qwen2.5:7b,http://localhost:11434,,"{""label"":""non-phishing"",""confidence"":0.5,""signals"":[],""rationale"":""""}","{""label"":""unknown"",""confidence"":0.5,""style_cues"":[""generic scam language"",""emotional appeal""],""rationale"":""The email follows a generic lottery scam template and uses emotional appeal to gain the recipient's trust.""}"
375,0375.txt,non-phishing,ai,A_L_kaggle.csv,57,non-phishing,0.8000,unknown,0.5000,qwen2.5:7b,http://localhost:11434,,"{""label"":""non-phishing"",""confidence"":0.8,""signals"":[],""rationale"":""""}","{""label"":""unknown"",""confidence"":0.5,""style_cues"":[""formal"",""reminding of importance"",""call to action""],""rationale"":""Email is professional and highlights the importance of account security but lacks distinctive manual or AI-generated characteristics.""}"
376,0376.txt,non-phishing,ai,A_L_kaggle.csv,580,non-phishing,0.6000,ai-generated,0.8000,qwen2.5:7b,http://localhost:11434,,"{""label"":""non-phishing"",""confidence"":0.6,""signals"":[""informative content"",""positive tone"",""invitation""],""rationale"":""The email appears to be a legitimate invitation for an event with no suspicious elements.""}","{""label"":""ai-generated"",""confidence"":0.8,""style_cues"":[""informative session"",""valuable insights"",""financial goals"",""exclusive opportunity""],""rationale"":""The email contains promotional language and a call to action typical of AI-generated content.""}"
377,0377.txt,phishing,manuale,M_P_Nazario.csv,764,non-phishing,0.5000,unknown,0.5000,qwen2.5:7b,http://localhost:11434,,"{""label"":""non-phishing"",""confidence"":0.5,""signals"":[""repeated content"",""generic greeting""],""rationale"":""The email contains repeated content and a generic greeting without personalization.""}","{""label"":""unknown"",""confidence"":0.5,""style_cues"":[""repeated_information"",""click_to_action""],""rationale"":""The email contains repeated information and a clear call to action.""}"
378,0378.txt,non-phishing,ai,A_L_kaggle.csv,276,non-phishing,0.5000,unknown,0.5000,qwen2.5:7b,http://localhost:11434,,"{""label"":""non-phishing"",""confidence"":0.5,""signals"":[],""rationale"":""""}","{""label"":""unknown"",""confidence"":0.5,""style_cues"":[""professional"",""invitational"",""topic-related""],""rationale"":""Email is promotional for an online forum discussion with a friendly tone and call-to-action.""}"
379,0379.txt,non-phishing,manuale,M_P_L_Nigerian_5.csv,840,non-phishing,0.5000,unknown,0.5000,qwen2.5:7b,http://localhost:11434,,"{""label"":""non-phishing"",""confidence"":0.5,""signals"":[],""rationale"":""""}","{""label"":""unknown"",""confidence"":0.5,""style_cues"":[""informative"",""seeking information""],""rationale"":""The email seeks information on alternative technologies for measuring PM-10 particles in the field and does not provide enough context to be confidently labeled as manual or AI-generated.""}"
380,0380.txt,phishing,manuale,M_P_L_Nigerian_5.csv,2386,non-phishing,0.5000,unknown,0.5000,qwen2.5:7b,http://localhost:11434,,"{""label"":""non-phishing"",""confidence"":0.5,""signals"":[],""rationale"":""""}","{""label"":""unknown"",""confidence"":0.5,""style_cues"":[""emotional language"",""personal tragedy""],""rationale"":""The email contains emotional language and describes a personal tragedy but lacks clear indicators of authenticity or fraud.""}"
381,0381.txt,non-phishing,manuale,M_P_L_Nigerian_5.csv,206,non-phishing,0.5000,unknown,0.5000,qwen2.5:7b,http://localhost:11434,,"{""label"":""non-phishing"",""confidence"":0.5,""signals"":[],""rationale"":""""}","{""label"":""unknown"",""confidence"":0.5,""style_cues"":[""brief"",""attaches_file""],""rationale"":""Short subject line with no personalization.""}"
382,0382.txt,phishing,manuale,M_P_L_Nigerian_5.csv,3562,non-phishing,0.5000,unknown,0.5000,qwen2.5:7b,http://localhost:11434,,"{""label"":""non-phishing"",""confidence"":0.5,""signals"":[],""rationale"":""""}","{""label"":""unknown"",""confidence"":0.5,""style_cues"":[""informal_salutation"",""personalized_content"",""request_for_assistance""],""rationale"":""The email contains a request for assistance with a fund transfer, which is unusual and suspicious. The sender uses informal language and personalized content, but the rationale provided does not allow for detailed analysis of style cues or context.""}"
383,0383.txt,non-phishing,ai,A_L_kaggle.csv,897,non-phishing,0.8000,unknown,0.5000,qwen2.5:7b,http://localhost:11434,,"{""label"":""non-phishing"",""confidence"":0.8,""signals"":[],""rationale"":""""}","{""label"":""unknown"",""confidence"":0.5,""style_cues"":[""恳请支持"",""捐赠链接"",""慈善活动""],""rationale"":""邮件请求支持并提供捐款链接，语气礼貌。""}"
384,0384.txt,non-phishing,manuale,M_P_L_Nigerian_5.csv,282,non-phishing,0.5000,ai-generated,0.8000,qwen2.5:7b,http://localhost:11434,,"{""label"":""non-phishing"",""confidence"":0.5,""signals"":[],""rationale"":""""}","{""label"":""ai-generated"",""confidence"":0.8,""style_cues"":[""technical"",""analytical""],""rationale"":""The email contains detailed analysis and projections on complex regulatory and political matters, which suggests an AI-generated summary due to its structured and formal tone.""}"
385,0385.txt,phishing,manuale,M_P_Nazario.csv,174,phishing,0.8000,unknown,0.5000,qwen2.5:7b,http://localhost:11434,,"{""label"":""phishing"",""confidence"":0.8,""signals"":[""suspicious email subject line"",""request for personal information via link""],""rationale"":""The email contains a suspicious subject line and requests the user to log in to a provided URL, which is common in phishing attempts.""}","{""label"":""unknown"",""confidence"":0.5,""style_cues"":[""multiple instances of 'IRS'"",""use of '[URL]' placeholder""],""rationale"":""Email contains multiple instances of 'IRS' and placeholders for a URL, suggesting it may be an automated or templated message.""}"
386,0386.txt,non-phishing,manuale,M_P_L_Nigerian_5.csv,1245,non-phishing,0.5000,unknown,0.5000,qwen2.5:7b,http://localhost:11434,,"{""label"":""non-phishing"",""confidence"":0.5,""signals"":[],""rationale"":""""}","{""label"":""unknown"",""confidence"":0.5,""style_cues"":[""informal language"",""personal anecdotes""],""rationale"":""The email contains personal anecdotes and informal language, but the primary content discusses R's capabilities and limitations in handling large datasets and performing Monte Carlo simulations.""}"
387,0387.txt,phishing,manuale,M_P_L_Nigerian_5.csv,4002,non-phishing,0.5000,unknown,0.5000,qwen2.5:7b,http://localhost:11434,,"{""label"":""non-phishing"",""confidence"":0.5,""signals"":[],""rationale"":""""}","{""label"":""unknown"",""confidence"":0.5,""style_cues"":[""emotional appeal"",""financial request"",""personal tragedy""],""rationale"":""The email contains emotional language and a personal tragedy, but the sender's identity cannot be verified.""}"
388,0388.txt,phishing,manuale,M_P_L_Nigerian_5.csv,3473,non-phishing,0.5000,unknown,0.5000,qwen2.5:7b,http://localhost:11434,,"{""label"":""non-phishing"",""confidence"":0.5,""signals"":[],""rationale"":""""}","{""label"":""unknown"",""confidence"":0.5,""style_cues"":[""formal"",""confidential"",""foreign_investment""],""rationale"":""The email contains a mix of formal and confidential language, suggesting it could be either manually crafted or AI-generated. The content is about seeking assistance for fund transfer, which is common in both manual and AI-generated phishing attempts.""}"
389,0389.txt,phishing,ai,A_P_synthetic_phish.csv,2400,non-phishing,0.5000,unknown,0.5000,qwen2.5:7b,http://localhost:11434,,"{""label"":""non-phishing"",""confidence"":0.5,""signals"":[],""rationale"":""""}","{""label"":""unknown"",""confidence"":0.5,""style_cues"":[""suspicious link"",""request for confirmation""],""rationale"":""Email appears suspicious with a link and a request for confirmation without additional context.""}"
390,0390.txt,phishing,manuale,M_P_L_Nigerian_5.csv,4902,non-phishing,0.5000,unknown,0.5000,qwen2.5:7b,http://localhost:11434,,"{""label"":""non-phishing"",""confidence"":0.5,""signals"":[],""rationale"":""""}","{""label"":""unknown"",""confidence"":0.5,""style_cues"":[""formal"",""business""],""rationale"":""The email text is formal and business-related, but there are no clear indicators of whether it was manually or AI-generated.""}"
391,0391.txt,phishing,manuale,M_P_L_Nigerian_5.csv,1803,non-phishing,0.5000,unknown,0.5000,qwen2.5:7b,http://localhost:11434,,"{""label"":""non-phishing"",""confidence"":0.5,""signals"":[],""rationale"":""""}","{""label"":""unknown"",""confidence"":0.5,""style_cues"":[""emotional appeal"",""urgent request"",""confidentiality""],""rationale"":""The email contains an urgent and emotional plea for assistance with a large sum of money, uses confidentiality as a key selling point, and requests immediate action.""}"
392,0392.txt,phishing,ai,A_P_synthetic_phish.csv,53,non-phishing,0.5000,unknown,0.5000,qwen2.5:7b,http://localhost:11434,,"{""label"":""non-phishing"",""confidence"":0.5,""signals"":[],""rationale"":""""}","{""label"":""unknown"",""confidence"":0.5,""style_cues"":[""link""],""rationale"":""Message contains a link but lacks clear authorship or style cues.""}"
393,0393.txt,non-phishing,ai,A_L_kaggle.csv,273,non-phishing,0.5000,ai-generated,0.8000,qwen2.5:7b,http://localhost:11434,,"{""label"":""non-phishing"",""confidence"":0.5,""signals"":[],""rationale"":""""}","{""label"":""ai-generated"",""confidence"":0.8,""style_cues"":[""formal tone"",""call to action"",""support military""],""rationale"":""The email has a formal tone and includes a call to action for supporting troops. It is likely generated by an AI due to the structured format and lack of personal nuances typical in manually written emails.""}"
394,0394.txt,phishing,manuale,M_P_Nazario.csv,47,non-phishing,0.6000,ai-generated,0.8000,qwen2.5:7b,http://localhost:11434,,"{""label"":""non-phishing"",""confidence"":0.6,""signals"":[""Automated update notice"",""Generic greeting""],""rationale"":""The email appears to be a standard automated notification and does not contain suspicious links or requests for personal information.""}","{""label"":""ai-generated"",""confidence"":0.8,""style_cues"":[""automated database update"",""sign in link"",""security measures""],""rationale"":""The email appears to be an automated notification from a financial institution, likely generated by a system to prompt users for security verification.""}"
395,0395.txt,non-phishing,ai,A_L_kaggle.csv,250,non-phishing,0.6000,unknown,0.5000,qwen2.5:7b,http://localhost:11434,,"{""label"":""non-phishing"",""confidence"":0.6,""signals"":[],""rationale"":""""}","{""label"":""unknown"",""confidence"":0.5,""style_cues"":[""formal"",""informative"",""positive""],""rationale"":""The email provides updates on COVID-19 but does not clearly indicate if it was manually written or generated by AI.""}"
396,0396.txt,non-phishing,manuale,M_P_L_Nigerian_5.csv,5558,non-phishing,0.5000,unknown,0.5000,qwen2.5:7b,http://localhost:11434,,"{""label"":""non-phishing"",""confidence"":0.5,""signals"":[],""rationale"":""""}","{""label"":""unknown"",""confidence"":0.5,""style_cues"":[""informative"",""technical""],""rationale"":""Technical discussion on power supply efficiency""}"
397,0397.txt,non-phishing,manuale,M_P_L_Nigerian_5.csv,279,non-phishing,0.5000,unknown,0.5000,qwen2.5:7b,http://localhost:11434,,"{""label"":""non-phishing"",""confidence"":0.5,""signals"":[],""rationale"":""""}","{""label"":""unknown"",""confidence"":0.5,""style_cues"":[""informal email communication""],""rationale"":""Emails are informal and contain placeholders for names and emails.""}"
398,0398.txt,phishing,manuale,M_P_Nazario.csv,417,non-phishing,0.5000,unknown,0.5000,qwen2.5:7b,http://localhost:11434,,"{""label"":""non-phishing"",""confidence"":0.5,""signals"":[],""rationale"":""""}","{""label"":""unknown"",""confidence"":0.5,""style_cues"":[""link in text"",""request for personal information"",""account status mentioned""],""rationale"":""The email contains a link and requests personal information without clear sender identity or context.""}"
399,0399.txt,phishing,ai,A_P_synthetic_phish.csv,1881,non-phishing,0.7000,unknown,0.7000,qwen2.5:7b,http://localhost:11434,,"{""label"":""non-phishing"",""confidence"":0.7,""signals"":[""link context"",""sender context""],""rationale"":""The email mentions a specific link and sender, which are contextual clues but do not strongly indicate phishing.""}","{""label"":""unknown"",""confidence"":0.7,""style_cues"":[""link provided"",""urgent tone""],""rationale"":""The email contains an urgent request to sign in and a link, but the sender's identity is unclear.""}"
400,0400.txt,non-phishing,manuale,M_P_L_Nigerian_5.csv,895,non-phishing,0.5000,unknown,0.5000,qwen2.5:7b,http://localhost:11434,,"{""label"":""non-phishing"",""confidence"":0.5,""signals"":[],""rationale"":""""}","{""label"":""unknown"",""confidence"":0.5,""style_cues"":[""technical terms"",""code snippets""],""rationale"":""Email contains technical terms and code snippets related to macro expansion in C programming.""}"
2001,2001.txt,phishing,mistral-small:24b,n/d,0,non-phishing,0.8000,unknown,0.5000,qwen2.5:7b,http://localhost:11434,,"{""label"":""non-phishing"",""confidence"":0.8,""signals"":[],""rationale"":""""}","{""label"":""unknown"",""confidence"":0.5,""style_cues"":[""professional"",""informal_link""],""rationale"":""Email contains a standard professional tone but the sender's identity is not specified.""}"
2002,2002.txt,non-phishing,mistral-small:24b,n/d,0,non-phishing,0.8000,unknown,0.5000,qwen2.5:7b,http://localhost:11434,,"{""label"":""non-phishing"",""confidence"":0.8,""signals"":[],""rationale"":""""}","{""label"":""unknown"",""confidence"":0.5,""style_cues"":[""formal"",""urgent"",""project-related""],""rationale"":""Email requests urgent updates for a project checkpoint, emphasizing timely responses to stay on track.""}"
2003,2003.txt,non-phishing,mistral-small:24b,n/d,0,non-phishing,0.8000,unknown,0.5000,qwen2.5:7b,http://localhost:11434,,"{""label"":""non-phishing"",""confidence"":0.8,""signals"":[],""rationale"":""""}","{""label"":""unknown"",""confidence"":0.5,""style_cues"":[""professional"",""informative""],""rationale"":""Email body is formal and informative, providing details on policy changes and training requirements.""}"
2004,2004.txt,phishing,mistral-small:24b,n/d,0,non-phishing,0.5000,unknown,0.5000,qwen2.5:7b,http://localhost:11434,,"{""label"":""non-phishing"",""confidence"":0.5,""signals"":[],""rationale"":""""}","{""label"":""unknown"",""confidence"":0.5,""style_cues"":[""formal tone"",""professional context"",""scheduled meeting""],""rationale"":""Email discusses an urgent strategic planning meeting with clear objectives and a formal request for attendance confirmation.""}"
2005,2005.txt,phishing,mistral-small:24b,n/d,0,non-phishing,0.5000,unknown,0.5000,qwen2.5:7b,http://localhost:11434,,"{""label"":""non-phishing"",""confidence"":0.5,""signals"":[],""rationale"":""""}","{""label"":""unknown"",""confidence"":0.5,""style_cues"":[""formal tone"",""legal context"",""urgency""],""rationale"":""The email has a formal tone, mentions legal context and urgency, but the sender's identity is not confirmed.""}"
2006,2006.txt,phishing,mistral-small:24b,n/d,0,phishing,0.8000,unknown,0.5000,qwen2.5:7b,http://localhost:11434,,"{""label"":""phishing"",""confidence"":0.8,""signals"":[""Request for payment via a link"",""Use of official-sounding language""],""rationale"":""The email requests payment through a link, which is a common phishing tactic. The use of official-sounding language and the threat of additional penalties if not acted upon immediately adds to the suspicion.""}","{""label"":""unknown"",""confidence"":0.5,""style_cues"":[""formal tone"",""legal context"",""payment required""],""rationale"":""Email contains formal language and legal terminology, but the source is unclear.""}"
2007,2007.txt,non-phishing,mistral-small:24b,n/d,0,non-phishing,0.5000,unknown,0.5000,qwen2.5:7b,http://localhost:11434,,"{""label"":""non-phishing"",""confidence"":0.5,""signals"":[],""rationale"":""""}","{""label"":""unknown"",""confidence"":0.5,""style_cues"":[""professional"",""informative""],""rationale"":""Email body is formal and informative, providing details about updated policies and a deadline for acknowledgment.""}"
2008,2008.txt,non-phishing,mistral-small:24b,n/d,0,non-phishing,0.5000,ai-generated,0.8000,qwen2.5:7b,http://localhost:11434,,"{""label"":""non-phishing"",""confidence"":0.5,""signals"":[],""rationale"":""""}","{""label"":""ai-generated"",""confidence"":0.8,""style_cues"":[""professional"",""formal"",""scheduling""],""rationale"":""The email follows a standard professional format, includes scheduling options, and is typical of an AI-generated message from HR.""}"
2009,2009.txt,phishing,mistral-small:24b,n/d,0,non-phishing,0.8000,unknown,0.5000,qwen2.5:7b,http://localhost:11434,,"{""label"":""non-phishing"",""confidence"":0.8,""signals"":[],""rationale"":""""}","{""label"":""unknown"",""confidence"":0.5,""style_cues"":[""formal tone"",""professional context"",""meeting invitation""],""rationale"":""Email invites team for a strategic planning meeting with clear agenda points and deadline for confirmation.""}"
2010,2010.txt,non-phishing,mistral-small:24b,n/d,0,non-phishing,0.8000,unknown,0.5000,qwen2.5:7b,http://localhost:11434,,"{""label"":""non-phishing"",""confidence"":0.8,""signals"":[],""rationale"":""""}","{""label"":""unknown"",""confidence"":0.5,""style_cues"":[""formal"",""urgent"",""project-related""],""rationale"":""Email requests urgent updates for project tasks and checkpoints, indicating a need for coordination and alignment among team members.""}"
2011,2011.txt,non-phishing,mistral-small:24b,n/d,0,non-phishing,0.8000,ai-generated,0.8000,qwen2.5:7b,http://localhost:11434,,"{""label"":""non-phishing"",""confidence"":0.8,""signals"":[],""rationale"":""""}","{""label"":""ai-generated"",""confidence"":0.8,""style_cues"":[""informative"",""apologetic"",""providing_options""],""rationale"":""The email is informative, apologetic, and provides multiple options for the customer to address the issue.""}"
2012,2012.txt,phishing,mistral-small:24b,n/d,0,phishing,0.8000,ai-generated,0.8000,qwen2.5:7b,http://localhost:11434,,"{""label"":""phishing"",""confidence"":0.8,""signals"":[""Payment link request"",""Urgent action required""],""rationale"":""The email requests payment via a link and creates urgency, which are common phishing tactics.""}","{""label"":""ai-generated"",""confidence"":0.8,""style_cues"":[""formal tone"",""legal context"",""payment request""],""rationale"":""The email has a formal tone, mentions legal terms and a payment request, which are typical characteristics of an AI-generated message.""}"
2013,2013.txt,phishing,mistral-small:24b,n/d,0,non-phishing,0.8000,unknown,0.5000,qwen2.5:7b,http://localhost:11434,,"{""label"":""non-phishing"",""confidence"":0.8,""signals"":[""informal language"",""request for confirmation""],""rationale"":""The email appears to be a standard internal communication with a request for review and confirmation, which is typical of official company communications.""}","{""label"":""unknown"",""confidence"":0.5,""style_cues"":[""professional"",""informal_link_request""],""rationale"":""The email contains standard professional language but the sender's identity and company details are not provided, making it difficult to determine if it was manually or AI-generated.""}"
2014,2014.txt,phishing,mistral-small:24b,n/d,0,phishing,0.7000,unknown,0.5000,qwen2.5:7b,http://localhost:11434,,"{""label"":""phishing"",""confidence"":0.7,""signals"":[""urgent_action_required"",""suspicious_link""],""rationale"":""The email demands immediate action and includes a suspicious link directing to a payment portal, which is common in phishing attempts.""}","{""label"":""unknown"",""confidence"":0.5,""style_cues"":[""formal"",""legal""],""rationale"":""Email contains a formal legal notification with a payment link, but the sender's identity is not confirmed.""}"
2015,2015.txt,non-phishing,mistral-small:24b,n/d,0,non-phishing,0.8000,unknown,0.5000,qwen2.5:7b,http://localhost:11434,,"{""label"":""non-phishing"",""confidence"":0.8,""signals"":[],""rationale"":""""}","{""label"":""unknown"",""confidence"":0.5,""style_cues"":[""formal tone"",""professional context"",""company-specific""],""rationale"":""Email discusses important company policies and requires training, typical of internal communications.""}"
2016,2016.txt,non-phishing,mistral-small:24b,n/d,0,non-phishing,0.5000,unknown,0.5000,qwen2.5:7b,http://localhost:11434,,"{""label"":""non-phishing"",""confidence"":0.5,""signals"":[],""rationale"":""""}","{""label"":""unknown"",""confidence"":0.5,""style_cues"":[""formal"",""professional"",""urgent""],""rationale"":""Email requests immediate action from employees regarding updated policies; includes links and deadlines.""}"
2017,2017.txt,non-phishing,mistral-small:24b,n/d,0,non-phishing,0.5000,ai-generated,0.8000,qwen2.5:7b,http://localhost:11434,,"{""label"":""non-phishing"",""confidence"":0.5,""signals"":[],""rationale"":""""}","{""label"":""ai-generated"",""confidence"":0.8,""style_cues"":[""informative"",""apologetic"",""proactive"",""options_provided""],""rationale"":""The email provides clear and structured information about a delay, offers multiple options for resolution, and maintains a professional tone.""}"
2018,2018.txt,phishing,mistral-small:24b,n/d,0,non-phishing,0.5000,ai-generated,0.8000,qwen2.5:7b,http://localhost:11434,,"{""label"":""non-phishing"",""confidence"":0.5,""signals"":[],""rationale"":""""}","{""label"":""ai-generated"",""confidence"":0.8,""style_cues"":[""formal tone"",""legal context"",""urgency""],""rationale"":""The email has a formal and legal tone, uses specific terminology related to fines and penalties, and emphasizes urgency for payment.""}"
2019,2019.txt,non-phishing,mistral-small:24b,n/d,0,non-phishing,0.8000,ai-generated,0.8000,qwen2.5:7b,http://localhost:11434,,"{""label"":""non-phishing"",""confidence"":0.8,""signals"":[],""rationale"":""""}","{""label"":""ai-generated"",""confidence"":0.8,""style_cues"":[""professional"",""formal"",""scheduling""],""rationale"":""The email follows a standard professional format, includes scheduling options, and references company resources.""}"
2020,2020.txt,non-phishing,mistral-small:24b,n/d,0,non-phishing,0.8000,unknown,0.5000,qwen2.5:7b,http://localhost:11434,,"{""label"":""non-phishing"",""confidence"":0.8,""signals"":[],""rationale"":""""}","{""label"":""unknown"",""confidence"":0.5,""style_cues"":[""professional"",""informative""],""rationale"":""Email announces upcoming policy changes with clear, structured content and a call to action for training.""}"
2021,2021.txt,non-phishing,mistral-small:24b,n/d,0,non-phishing,0.5000,ai-generated,0.8000,qwen2.5:7b,http://localhost:11434,,"{""label"":""non-phishing"",""confidence"":0.5,""signals"":[],""rationale"":""""}","{""label"":""ai-generated"",""confidence"":0.8,""style_cues"":[""professional tone"",""request for meeting"",""proposed time slots""],""rationale"":""The email has a professional tone and is structured as a typical request for a meeting, proposing specific time slots. It also includes a link for joining the meeting.""}"
2022,2022.txt,non-phishing,mistral-small:24b,n/d,0,non-phishing,0.8000,unknown,0.5000,qwen2.5:7b,http://localhost:11434,,"{""label"":""non-phishing"",""confidence"":0.8,""signals"":[],""rationale"":""""}","{""label"":""unknown"",""confidence"":0.5,""style_cues"":[""professional"",""informative""],""rationale"":""Email body is formal and informative, providing clear updates on policy changes.""}"
2023,2023.txt,non-phishing,mistral-small:24b,n/d,0,non-phishing,0.8000,ai-generated,0.8000,qwen2.5:7b,http://localhost:11434,,"{""label"":""non-phishing"",""confidence"":0.8,""signals"":[],""rationale"":""""}","{""label"":""ai-generated"",""confidence"":0.8,""style_cues"":[""professional"",""formal"",""scheduling""],""rationale"":""The email follows a standard professional format, includes scheduling options, and is typical of an AI-generated message from HR.""}"
2024,2024.txt,phishing,mistral-small:24b,n/d,0,non-phishing,0.8000,unknown,0.5000,qwen2.5:7b,http://localhost:11434,,"{""label"":""non-phishing"",""confidence"":0.8,""signals"":[],""rationale"":""""}","{""label"":""unknown"",""confidence"":0.5,""style_cues"":[""professional"",""informal_link_request""],""rationale"":""The email text does not clearly indicate if it was manually written or generated by AI, and the content is standard for an internal communication.""}"
2025,2025.txt,phishing,mistral-small:24b,n/d,0,non-phishing,0.8000,unknown,0.5000,qwen2.5:7b,http://localhost:11434,,"{""label"":""non-phishing"",""confidence"":0.8,""signals"":[],""rationale"":""""}","{""label"":""unknown"",""confidence"":0.5,""style_cues"":[""formal tone"",""urgent meeting""],""rationale"":""Email is formal and urgent, with a clear call-to-action for attendance confirmation.""}"
2026,2026.txt,non-phishing,mistral-small:24b,n/d,0,non-phishing,0.8000,ai-generated,0.8000,qwen2.5:7b,http://localhost:11434,,"{""label"":""non-phishing"",""confidence"":0.8,""signals"":[],""rationale"":""""}","{""label"":""ai-generated"",""confidence"":0.8,""style_cues"":[""professional"",""formal"",""scheduling""],""rationale"":""The email follows a standard professional format, includes scheduling details, and is typical of an AI-generated message.""}"
2027,2027.txt,non-phishing,mistral-small:24b,n/d,0,non-phishing,0.8000,unknown,0.5000,qwen2.5:7b,http://localhost:11434,,"{""label"":""non-phishing"",""confidence"":0.8,""signals"":[],""rationale"":""""}","{""label"":""unknown"",""confidence"":0.5,""style_cues"":[""formal"",""urgent"",""project-related""],""rationale"":""Email requests urgent updates for a project checkpoint, emphasizing timely response and alignment.""}"
2028,2028.txt,phishing,mistral-small:24b,n/d,0,non-phishing,0.8000,ai-generated,0.8000,qwen2.5:7b,http://localhost:11434,,"{""label"":""non-phishing"",""confidence"":0.8,""signals"":[],""rationale"":""""}","{""label"":""ai-generated"",""confidence"":0.8,""style_cues"":[""formal tone"",""professional context"",""call to action""],""rationale"":""The email has a formal and professional tone, provides a clear call to action, and includes standard IT department language.""}"
2029,2029.txt,non-phishing,mistral-small:24b,n/d,0,non-phishing,0.8000,unknown,0.5000,qwen2.5:7b,http://localhost:11434,,"{""label"":""non-phishing"",""confidence"":0.8,""signals"":[],""rationale"":""""}","{""label"":""unknown"",""confidence"":0.5,""style_cues"":[""professional"",""informative""],""rationale"":""Email announces upcoming policy changes with clear, structured content and a call to action for training.""}"
2030,2030.txt,phishing,mistral-small:24b,n/d,0,non-phishing,0.8000,unknown,0.5000,qwen2.5:7b,http://localhost:11434,,"{""label"":""non-phishing"",""confidence"":0.8,""signals"":[],""rationale"":""""}","{""label"":""unknown"",""confidence"":0.5,""style_cues"":[""professional"",""formal""],""rationale"":""Email contains a clear subject and formal tone, but lacks distinctive AI-generated characteristics.""}"
2031,2031.txt,non-phishing,mistral-small:24b,n/d,0,non-phishing,0.8000,unknown,0.5000,qwen2.5:7b,http://localhost:11434,,"{""label"":""non-phishing"",""confidence"":0.8,""signals"":[],""rationale"":""""}","{""label"":""unknown"",""confidence"":0.5,""style_cues"":[""formal"",""urgent"",""project-related""],""rationale"":""Email requests urgent updates for a project checkpoint, emphasizing timely responses to stay on track.""}"
2032,2032.txt,non-phishing,mistral-small:24b,n/d,0,non-phishing,0.9000,unknown,0.5000,qwen2.5:7b,http://localhost:11434,,"{""label"":""non-phishing"",""confidence"":0.9,""signals"":[],""rationale"":""""}","{""label"":""unknown"",""confidence"":0.5,""style_cues"":[""informative"",""apologetic"",""proactive""],""rationale"":""The email provides updates on an order delay, offers multiple options for resolution, and maintains a professional tone.""}"
2033,2033.txt,non-phishing,mistral-small:24b,n/d,0,non-phishing,0.8000,unknown,0.5000,qwen2.5:7b,http://localhost:11434,,"{""label"":""non-phishing"",""confidence"":0.8,""signals"":[],""rationale"":""""}","{""label"":""unknown"",""confidence"":0.5,""style_cues"":[""formal tone"",""urgent request"",""link provided""],""rationale"":""Email requests urgent action and provides a link for policy review.""}"
2034,2034.txt,non-phishing,mistral-small:24b,n/d,0,non-phishing,0.5000,unknown,0.5000,qwen2.5:7b,http://localhost:11434,,"{""label"":""non-phishing"",""confidence"":0.5,""signals"":[],""rationale"":""""}","{""label"":""unknown"",""confidence"":0.5,""style_cues"":[""professional"",""informative""],""rationale"":""Email body is formal and informative, providing details about updated IT policies and instructions for acknowledgment.""}"
2035,2035.txt,phishing,mistral-small:24b,n/d,0,non-phishing,0.5000,ai-generated,0.8000,qwen2.5:7b,http://localhost:11434,,"{""label"":""non-phishing"",""confidence"":0.5,""signals"":[],""rationale"":""""}","{""label"":""ai-generated"",""confidence"":0.8,""style_cues"":[""formal tone"",""professional context"",""call to action""],""rationale"":""The email has a formal and professional tone, provides a clear call to action, and is typical of an automated system message.""}"
2036,2036.txt,phishing,mistral-small:24b,n/d,0,non-phishing,0.8000,unknown,0.5000,qwen2.5:7b,http://localhost:11434,,"{""label"":""non-phishing"",""confidence"":0.8,""signals"":[],""rationale"":""""}","{""label"":""unknown"",""confidence"":0.5,""style_cues"":[""professional"",""informal_link""],""rationale"":""The email text is formal but includes an informal link style in the rationale.""}"
2037,2037.txt,phishing,mistral-small:24b,n/d,0,non-phishing,0.8000,unknown,0.5000,qwen2.5:7b,http://localhost:11434,,"{""label"":""non-phishing"",""confidence"":0.8,""signals"":[],""rationale"":""""}","{""label"":""unknown"",""confidence"":0.5,""style_cues"":[""professional"",""informal_link_request""],""rationale"":""The email is formal but the link request for confirmation seems informal. The sender's name and company details are placeholders.""}"
2038,2038.txt,phishing,mistral-small:24b,n/d,0,non-phishing,0.8000,unknown,0.5000,qwen2.5:7b,http://localhost:11434,,"{""label"":""non-phishing"",""confidence"":0.8,""signals"":[],""rationale"":""""}","{""label"":""unknown"",""confidence"":0.5,""style_cues"":[""professional"",""urgent"",""meeting""],""rationale"":""Email is formal with a clear subject line, urgency indicated, and a call to action for confirmation.""}"
2039,2039.txt,non-phishing,mistral-small:24b,n/d,0,non-phishing,0.8000,unknown,0.5000,qwen2.5:7b,http://localhost:11434,,"{""label"":""non-phishing"",""confidence"":0.8,""signals"":[],""rationale"":""""}","{""label"":""unknown"",""confidence"":0.5,""style_cues"":[""formal"",""professional"",""informative""],""rationale"":""Email announces upcoming policy changes with clear, structured content and a call to action for training.""}"
2040,2040.txt,phishing,mistral-small:24b,n/d,0,non-phishing,0.8000,ai-generated,0.8000,qwen2.5:7b,http://localhost:11434,,"{""label"":""non-phishing"",""confidence"":0.8,""signals"":[],""rationale"":""""}","{""label"":""ai-generated"",""confidence"":0.8,""style_cues"":[""formal tone"",""professional context"",""call to action""],""rationale"":""The email has a formal and professional tone, provides a clear call to action, and includes standard IT department language.""}"
2041,2041.txt,phishing,mistral-small:24b,n/d,0,phishing,0.8000,unknown,0.5000,qwen2.5:7b,http://localhost:11434,,"{""label"":""phishing"",""confidence"":0.8,""signals"":[""Payment link in email"",""Request for personal action""],""rationale"":""The email contains a payment link and requests immediate action, which are common phishing tactics.""}","{""label"":""unknown"",""confidence"":0.5,""style_cues"":[""formal tone"",""legal context"",""payment required""],""rationale"":""Email contains formal language and legal terminology, but the source is unclear.""}"
2042,2042.txt,phishing,mistral-small:24b,n/d,0,non-phishing,0.8000,unknown,0.5000,qwen2.5:7b,http://localhost:11434,,"{""label"":""non-phishing"",""confidence"":0.8,""signals"":[""scheduled meeting"",""internal communication"",""request for confirmation""],""rationale"":""The email is an internal communication requesting team members' attendance at a scheduled meeting and does not contain any suspicious links or urgent demands for personal information.""}","{""label"":""unknown"",""confidence"":0.5,""style_cues"":[""professional"",""urgent"",""meeting""],""rationale"":""Email requests urgent meeting with specific agenda and deadlines.""}"
2043,2043.txt,non-phishing,mistral-small:24b,n/d,0,non-phishing,0.8000,unknown,0.5000,qwen2.5:7b,http://localhost:11434,,"{""label"":""non-phishing"",""confidence"":0.8,""signals"":[],""rationale"":""""}","{""label"":""unknown"",""confidence"":0.5,""style_cues"":[""professional"",""urgent"",""project management""],""rationale"":""Email requests urgent updates and details on project progress before a checkpoint.""}"
2044,2044.txt,phishing,mistral-small:24b,n/d,0,phishing,0.8000,ai-generated,0.8000,qwen2.5:7b,http://localhost:11434,,"{""label"":""phishing"",""confidence"":0.8,""signals"":[""Unusual account activity claim"",""Link in email""],""rationale"":""The email claims unusual activity and asks the user to click a link for verification, which are common phishing tactics.""}","{""label"":""ai-generated"",""confidence"":0.8,""style_cues"":[""formal tone"",""urgency"",""link provided""],""rationale"":""The email has a formal and urgent tone, uses a link for verification, and provides contact information through official channels.""}"
2045,2045.txt,phishing,mistral-small:24b,n/d,0,non-phishing,0.8000,unknown,0.5000,qwen2.5:7b,http://localhost:11434,,"{""label"":""non-phishing"",""confidence"":0.8,""signals"":[],""rationale"":""""}","{""label"":""unknown"",""confidence"":0.5,""style_cues"":[""formal"",""urgent"",""project-related""],""rationale"":""Email is formal and urgent, related to a specific project update meeting with mandatory attendance.""}"
2046,2046.txt,phishing,mistral-small:24b,n/d,0,phishing,0.8000,unknown,0.5000,qwen2.5:7b,http://localhost:11434,,"{""label"":""phishing"",""confidence"":0.8,""signals"":[""urgent action required"",""link in email""],""rationale"":""The email demands urgent action and contains a link, which are common phishing tactics.""}","{""label"":""unknown"",""confidence"":0.5,""style_cues"":[""formal tone"",""urgency"",""link in text""],""rationale"":""The email contains a formal tone, expresses urgency, and includes a link. However, the sender's identity is not confirmed, making it unclear if this is an authentic communication or a phishing attempt.""}"
2047,2047.txt,non-phishing,mistral-small:24b,n/d,0,non-phishing,0.9000,ai-generated,0.8000,qwen2.5:7b,http://localhost:11434,,"{""label"":""non-phishing"",""confidence"":0.9,""signals"":[],""rationale"":""""}","{""label"":""ai-generated"",""confidence"":0.8,""style_cues"":[""informative"",""apologetic"",""proactive"",""options_provided""],""rationale"":""The email provides clear and structured information about a delay, offers multiple options for resolution, and maintains a professional tone.""}"
2048,2048.txt,non-phishing,mistral-small:24b,n/d,0,non-phishing,0.9000,unknown,0.5000,qwen2.5:7b,http://localhost:11434,,"{""label"":""non-phishing"",""confidence"":0.9,""signals"":[],""rationale"":""""}","{""label"":""unknown"",""confidence"":0.5,""style_cues"":[""informative"",""apologetic"",""providing_options""],""rationale"":""The email provides updates on an order delay and offers multiple options for the customer, which is a common style in customer service communications.""}"
2049,2049.txt,phishing,mistral-small:24b,n/d,0,non-phishing,0.5000,unknown,0.5000,qwen2.5:7b,http://localhost:11434,,"{""label"":""non-phishing"",""confidence"":0.5,""signals"":[],""rationale"":""""}","{""label"":""unknown"",""confidence"":0.5,""style_cues"":[""professional"",""urgent""],""rationale"":""Email is formal with a clear subject line, but the sender's identity is not provided.""}"
2050,2050.txt,non-phishing,mistral-small:24b,n/d,0,non-phishing,0.8000,ai-generated,0.8000,qwen2.5:7b,http://localhost:11434,,"{""label"":""non-phishing"",""confidence"":0.8,""signals"":[],""rationale"":""""}","{""label"":""ai-generated"",""confidence"":0.8,""style_cues"":[""informative"",""professional"",""request_confirmation""],""rationale"":""The email is formal and informative, requesting confirmation of policy review and understanding. It includes links for further information and a deadline.""}"
2051,2051.txt,phishing,mistral-small:24b,n/d,0,non-phishing,0.8000,unknown,0.5000,qwen2.5:7b,http://localhost:11434,,"{""label"":""non-phishing"",""confidence"":0.8,""signals"":[],""rationale"":""""}","{""label"":""unknown"",""confidence"":0.5,""style_cues"":[""formal tone"",""professional context"",""scheduled meeting""],""rationale"":""Email contains formal language and details about an upcoming strategic planning session, but lacks distinctive AI-generated characteristics.""}"
2052,2052.txt,phishing,mistral-small:24b,n/d,0,non-phishing,0.8000,unknown,0.5000,qwen2.5:7b,http://localhost:11434,,"{""label"":""non-phishing"",""confidence"":0.8,""signals"":[],""rationale"":""""}","{""label"":""unknown"",""confidence"":0.5,""style_cues"":[""professional"",""informal_link_request""],""rationale"":""The email contains standard professional language but the sender's identity and company details are not provided, making it difficult to determine if it was manually or AI-generated.""}"
2053,2053.txt,non-phishing,mistral-small:24b,n/d,0,non-phishing,0.8000,ai-generated,0.8000,qwen2.5:7b,http://localhost:11434,,"{""label"":""non-phishing"",""confidence"":0.8,""signals"":[],""rationale"":""""}","{""label"":""ai-generated"",""confidence"":0.8,""style_cues"":[""informative"",""apologetic"",""option_providing""],""rationale"":""The email provides clear information about a delay in order delivery, offers multiple options for the customer, and maintains a professional tone.""}"
2054,2054.txt,phishing,mistral-small:24b,n/d,0,non-phishing,0.8000,unknown,0.5000,qwen2.5:7b,http://localhost:11434,,"{""label"":""non-phishing"",""confidence"":0.8,""signals"":[],""rationale"":""""}","{""label"":""unknown"",""confidence"":0.5,""style_cues"":[""professional"",""informal_link_request""],""rationale"":""The email contains a standard professional tone but the sender's identity and company details are placeholders, making it difficult to determine if it was manually or AI-generated.""}"
2055,2055.txt,non-phishing,mistral-small:24b,n/d,0,non-phishing,0.8000,unknown,0.5000,qwen2.5:7b,http://localhost:11434,,"{""label"":""non-phishing"",""confidence"":0.8,""signals"":[],""rationale"":""""}","{""label"":""unknown"",""confidence"":0.5,""style_cues"":[""formal tone"",""professional context"",""deadline""],""rationale"":""Email is formal with a professional context, includes a deadline for acknowledgment, and mentions a ticket portal for confirmation.""}"
2056,2056.txt,non-phishing,mistral-small:24b,n/d,0,non-phishing,0.8000,unknown,0.5000,qwen2.5:7b,http://localhost:11434,,"{""label"":""non-phishing"",""confidence"":0.8,""signals"":[],""rationale"":""""}","{""label"":""unknown"",""confidence"":0.5,""style_cues"":[""formal"",""professional""],""rationale"":""Email template for policy update notification.""}"
2057,2057.txt,phishing,mistral-small:24b,n/d,0,non-phishing,0.5000,unknown,0.5000,qwen2.5:7b,http://localhost:11434,,"{""label"":""non-phishing"",""confidence"":0.5,""signals"":[],""rationale"":""""}","{""label"":""unknown"",""confidence"":0.5,""style_cues"":[""urgent tone"",""call to action""],""rationale"":""The email has an urgent tone and includes a call to action for confirming attendance.""}"
2058,2058.txt,non-phishing,mistral-small:24b,n/d,0,non-phishing,0.5000,unknown,0.5000,qwen2.5:7b,http://localhost:11434,,"{""label"":""non-phishing"",""confidence"":0.5,""signals"":[],""rationale"":""""}","{""label"":""unknown"",""confidence"":0.5,""style_cues"":[""professional"",""informative""],""rationale"":""Email body is formal and informative, providing details about updated policies and a deadline for acknowledgment.""}"
2059,2059.txt,non-phishing,mistral-small:24b,n/d,0,non-phishing,0.8000,unknown,0.5000,qwen2.5:7b,http://localhost:11434,,"{""label"":""non-phishing"",""confidence"":0.8,""signals"":[],""rationale"":""""}","{""label"":""unknown"",""confidence"":0.5,""style_cues"":[""informative"",""apologetic"",""proactive""],""rationale"":""The email provides an update on a delayed order, offers multiple resolution options, and maintains a professional tone.""}"
2060,2060.txt,phishing,mistral-small:24b,n/d,0,phishing,0.8000,ai-generated,0.8000,qwen2.5:7b,http://localhost:11434,,"{""label"":""phishing"",""confidence"":0.8,""signals"":[""Link in email"",""Urgent action required""],""rationale"":""The email contains a link that directs the user to verify their identity, which is a common phishing tactic. Additionally, the urgency and request for immediate action are red flags.""}","{""label"":""ai-generated"",""confidence"":0.8,""style_cues"":[""formal tone"",""urgency"",""link provided""],""rationale"":""The email has a formal tone and uses urgency to prompt action. It includes a link for verification, which is a common AI-generated feature.""}"
2061,2061.txt,non-phishing,mistral-small:24b,n/d,0,non-phishing,0.5000,unknown,0.5000,qwen2.5:7b,http://localhost:11434,,"{""label"":""non-phishing"",""confidence"":0.5,""signals"":[],""rationale"":""""}","{""label"":""unknown"",""confidence"":0.5,""style_cues"":[""professional"",""informative"",""requesting updates""],""rationale"":""Email requests project updates with specific details and a deadline.""}"
2062,2062.txt,non-phishing,mistral-small:24b,n/d,0,non-phishing,0.8000,unknown,0.5000,qwen2.5:7b,http://localhost:11434,,"{""label"":""non-phishing"",""confidence"":0.8,""signals"":[],""rationale"":""""}","{""label"":""unknown"",""confidence"":0.5,""style_cues"":[""formal tone"",""urgent request"",""company policy update""],""rationale"":""Email template with standard professional language and a clear call to action for employees to review and confirm acknowledgment of updated policies.""}"
2063,2063.txt,non-phishing,mistral-small:24b,n/d,0,non-phishing,0.8000,unknown,0.5000,qwen2.5:7b,http://localhost:11434,,"{""label"":""non-phishing"",""confidence"":0.8,""signals"":[],""rationale"":""""}","{""label"":""unknown"",""confidence"":0.5,""style_cues"":[""professional"",""urgent"",""task-oriented""],""rationale"":""Email requests urgent updates for a project checkpoint, emphasizing timely responses and alignment.""}"
2064,2064.txt,non-phishing,mistral-small:24b,n/d,0,non-phishing,0.8000,unknown,0.5000,qwen2.5:7b,http://localhost:11434,,"{""label"":""non-phishing"",""confidence"":0.8,""signals"":[],""rationale"":""""}","{""label"":""unknown"",""confidence"":0.5,""style_cues"":[""informative"",""apologetic"",""providing_options""],""rationale"":""Email provides an update on order delay with multiple resolution options, maintaining a professional tone.""}"
2065,2065.txt,phishing,mistral-small:24b,n/d,0,non-phishing,0.8000,ai-generated,0.8000,qwen2.5:7b,http://localhost:11434,,"{""label"":""non-phishing"",""confidence"":0.8,""signals"":[],""rationale"":""""}","{""label"":""ai-generated"",""confidence"":0.8,""style_cues"":[""formal tone"",""professional context"",""scheduled meeting""],""rationale"":""The email has a formal and professional tone, mentions an urgent scheduled meeting, and includes a call to action for confirmation.""}"
2066,2066.txt,phishing,mistral-small:24b,n/d,0,non-phishing,0.5000,ai-generated,0.8000,qwen2.5:7b,http://localhost:11434,,"{""label"":""non-phishing"",""confidence"":0.5,""signals"":[],""rationale"":""""}","{""label"":""ai-generated"",""confidence"":0.8,""style_cues"":[""formal tone"",""legal context"",""immediate action required""],""rationale"":""The email has a formal tone, mentions legal context, and emphasizes immediate action.""}"
2067,2067.txt,non-phishing,mistral-small:24b,n/d,0,non-phishing,0.8000,unknown,0.5000,qwen2.5:7b,http://localhost:11434,,"{""label"":""non-phishing"",""confidence"":0.8,""signals"":[],""rationale"":""""}","{""label"":""unknown"",""confidence"":0.5,""style_cues"":[""professional"",""informative""],""rationale"":""Email announces policy changes with clear, structured content and a call to action for training.""}"
2068,2068.txt,non-phishing,mistral-small:24b,n/d,0,non-phishing,0.9000,unknown,0.5000,qwen2.5:7b,http://localhost:11434,,"{""label"":""non-phishing"",""confidence"":0.9,""signals"":[],""rationale"":""""}","{""label"":""unknown"",""confidence"":0.5,""style_cues"":[""informative"",""apologetic"",""proactive""],""rationale"":""The email provides clear information about a delay, offers options for customers, and maintains a professional tone.""}"
2069,2069.txt,non-phishing,mistral-small:24b,n/d,0,non-phishing,0.8000,unknown,0.5000,qwen2.5:7b,http://localhost:11434,,"{""label"":""non-phishing"",""confidence"":0.8,""signals"":[],""rationale"":""""}","{""label"":""unknown"",""confidence"":0.5,""style_cues"":[""professional"",""informative""],""rationale"":""Email announces policy changes with clear, structured content and a call to action.""}"
2070,2070.txt,non-phishing,mistral-small:24b,n/d,0,non-phishing,0.8000,unknown,0.5000,qwen2.5:7b,http://localhost:11434,,"{""label"":""non-phishing"",""confidence"":0.8,""signals"":[],""rationale"":""""}","{""label"":""unknown"",""confidence"":0.5,""style_cues"":[""formal tone"",""professional context"",""call to action""],""rationale"":""Email is formal with a professional context, includes a call to action for acknowledgment.""}"
2071,2071.txt,non-phishing,mistral-small:24b,n/d,0,non-phishing,0.8000,unknown,0.5000,qwen2.5:7b,http://localhost:11434,,"{""label"":""non-phishing"",""confidence"":0.8,""signals"":[],""rationale"":""""}","{""label"":""unknown"",""confidence"":0.5,""style_cues"":[""formal tone"",""company communication""],""rationale"":""Email from IT department regarding updated policies with a deadline for acknowledgment.""}"
2072,2072.txt,phishing,mistral-small:24b,n/d,0,phishing,0.8000,ai-generated,0.8000,qwen2.5:7b,http://localhost:11434,,"{""label"":""phishing"",""confidence"":0.8,""signals"":[""urgent action required"",""financial penalty"",""clickable link""],""rationale"":""The email demands immediate payment and contains a clickable link, which are common phishing tactics.""}","{""label"":""ai-generated"",""confidence"":0.8,""style_cues"":[""formal tone"",""official communication"",""legal context""],""rationale"":""The email has a formal and official tone, uses legal terminology, and provides a link for further action, which are typical characteristics of AI-generated text.""}"
2073,2073.txt,phishing,mistral-small:24b,n/d,0,non-phishing,0.5000,ai-generated,0.8000,qwen2.5:7b,http://localhost:11434,,"{""label"":""non-phishing"",""confidence"":0.5,""signals"":[],""rationale"":""""}","{""label"":""ai-generated"",""confidence"":0.8,""style_cues"":[""formal tone"",""professional context"",""call to action""],""rationale"":""The email has a formal tone, mentions an urgent security maintenance task, and includes a call for the recipient to approve a request via a link.""}"
2074,2074.txt,phishing,mistral-small:24b,n/d,0,phishing,0.8000,ai-generated,0.8000,qwen2.5:7b,http://localhost:11434,,"{""label"":""phishing"",""confidence"":0.8,""signals"":[""Request for payment via a link"",""Use of official-sounding language""],""rationale"":""The email requests payment via a link and uses formal language, which could be indicative of phishing.""}","{""label"":""ai-generated"",""confidence"":0.8,""style_cues"":[""formal tone"",""legal context"",""payment request""],""rationale"":""The email has a formal tone, mentions legal and financial matters, and requests payment through a provided link.""}"
2075,2075.txt,non-phishing,mistral-small:24b,n/d,0,non-phishing,0.8000,unknown,0.5000,qwen2.5:7b,http://localhost:11434,,"{""label"":""non-phishing"",""confidence"":0.8,""signals"":[],""rationale"":""""}","{""label"":""unknown"",""confidence"":0.5,""style_cues"":[""professional"",""informative""],""rationale"":""Email announces upcoming policy changes with clear, structured content and a call to action for training.""}"
2076,2076.txt,non-phishing,mistral-small:24b,n/d,0,non-phishing,0.5000,unknown,0.5000,qwen2.5:7b,http://localhost:11434,,"{""label"":""non-phishing"",""confidence"":0.5,""signals"":[],""rationale"":""""}","{""label"":""unknown"",""confidence"":0.5,""style_cues"":[""professional"",""informative""],""rationale"":""Email contains standard professional language and an informative tone, but lacks distinctive style cues to definitively classify as AI-generated or manual.""}"
2077,2077.txt,phishing,mistral-small:24b,n/d,0,non-phishing,0.8000,unknown,0.5000,qwen2.5:7b,http://localhost:11434,,"{""label"":""non-phishing"",""confidence"":0.8,""signals"":[],""rationale"":""""}","{""label"":""unknown"",""confidence"":0.5,""style_cues"":[""professional"",""informal_link_request"",""regulatory_compliance""],""rationale"":""Email contains standard professional language and a link request for confirmation, but lacks distinctive style cues to confidently label as AI-generated or manual.""}"
2078,2078.txt,phishing,mistral-small:24b,n/d,0,non-phishing,0.8000,unknown,0.5000,qwen2.5:7b,http://localhost:11434,,"{""label"":""non-phishing"",""confidence"":0.8,""signals"":[],""rationale"":""""}","{""label"":""unknown"",""confidence"":0.5,""style_cues"":[""professional"",""informative""],""rationale"":""Email is formal and informative, but lacks distinctive AI-generated characteristics.""}"
2079,2079.txt,phishing,mistral-small:24b,n/d,0,phishing,0.8000,unknown,0.5000,qwen2.5:7b,http://localhost:11434,,"{""label"":""phishing"",""confidence"":0.8,""signals"":[""urgent action required"",""suspicious activity detected"",""click on a link""],""rationale"":""The email contains urgent language and requests immediate action, which is common in phishing attempts. The presence of a suspicious activity detection and a link to verify identity are also red flags.""}","{""label"":""unknown"",""confidence"":0.5,""style_cues"":[""formal tone"",""urgency"",""link request""],""rationale"":""The email contains a formal tone, expresses urgency, and requests the recipient to click on a link for verification. However, there is no clear indication if it was manually or AI-generated.""}"
2080,2080.txt,phishing,mistral-small:24b,n/d,0,non-phishing,0.5000,unknown,0.5000,qwen2.5:7b,http://localhost:11434,,"{""label"":""non-phishing"",""confidence"":0.5,""signals"":[],""rationale"":""""}","{""label"":""unknown"",""confidence"":0.5,""style_cues"":[""formal tone"",""legal context"",""payment required""],""rationale"":""Email contains formal language and legal terminology, but the source is unclear.""}"
2081,2081.txt,phishing,mistral-small:24b,n/d,0,non-phishing,0.8000,unknown,0.5000,qwen2.5:7b,http://localhost:11434,,"{""label"":""non-phishing"",""confidence"":0.8,""signals"":[],""rationale"":""""}","{""label"":""unknown"",""confidence"":0.5,""style_cues"":[""professional"",""urgent"",""meeting""],""rationale"":""Email requests urgent meeting with specific details and a confirmation link.""}"
2082,2082.txt,phishing,mistral-small:24b,n/d,0,phishing,0.7000,ai-generated,0.8000,qwen2.5:7b,http://localhost:11434,,"{""label"":""phishing"",""confidence"":0.7,""signals"":[""Request for payment via a link"",""Use of official-sounding language""],""rationale"":""The email requests payment through a link, which is a common phishing tactic. The use of official-sounding language and the threat of additional penalties if not acted upon quickly also raises suspicion.""}","{""label"":""ai-generated"",""confidence"":0.8,""style_cues"":[""formal tone"",""legal context"",""official communication""],""rationale"":""The email has a formal and legal tone, indicating an official notification from the Police Department. The content is structured as a standard administrative notice with a clear call to action.""}"
2083,2083.txt,phishing,mistral-small:24b,n/d,0,non-phishing,0.8000,unknown,0.5000,qwen2.5:7b,http://localhost:11434,,"{""label"":""non-phishing"",""confidence"":0.8,""signals"":[],""rationale"":""""}","{""label"":""unknown"",""confidence"":0.5,""style_cues"":[""professional"",""informal_link_request""],""rationale"":""The email contains standard professional language but lacks distinctive characteristics to classify it as manually or AI-generated.""}"
2084,2084.txt,non-phishing,mistral-small:24b,n/d,0,non-phishing,0.8000,unknown,0.5000,qwen2.5:7b,http://localhost:11434,,"{""label"":""non-phishing"",""confidence"":0.8,""signals"":[],""rationale"":""""}","{""label"":""unknown"",""confidence"":0.5,""style_cues"":[""professional"",""formal""],""rationale"":""Email format is standard with a clear purpose, but lacks specific context or indicators of manual vs AI generation.""}"
2085,2085.txt,non-phishing,mistral-small:24b,n/d,0,non-phishing,0.5000,unknown,0.5000,qwen2.5:7b,http://localhost:11434,,"{""label"":""non-phishing"",""confidence"":0.5,""signals"":[],""rationale"":""""}","{""label"":""unknown"",""confidence"":0.5,""style_cues"":[""informative"",""apologetic"",""providing_options""],""rationale"":""The email provides an update on a delayed order, offers multiple solutions, and maintains a professional tone.""}"
2086,2086.txt,non-phishing,mistral-small:24b,n/d,0,non-phishing,0.8000,unknown,0.5000,qwen2.5:7b,http://localhost:11434,,"{""label"":""non-phishing"",""confidence"":0.8,""signals"":[],""rationale"":""""}","{""label"":""unknown"",""confidence"":0.5,""style_cues"":[""professional"",""informative""],""rationale"":""Email body is formal and informative, providing clear updates on policy changes. It includes specific details and a call to action for training.""}"
2087,2087.txt,non-phishing,mistral-small:24b,n/d,0,non-phishing,0.8000,ai-generated,0.8000,qwen2.5:7b,http://localhost:11434,,"{""label"":""non-phishing"",""confidence"":0.8,""signals"":[],""rationale"":""""}","{""label"":""ai-generated"",""confidence"":0.8,""style_cues"":[""formal tone"",""professional context"",""call to action""],""rationale"":""The email has a formal and professional tone, provides clear instructions, and includes a deadline for acknowledgment.""}"
2088,2088.txt,phishing,mistral-small:24b,n/d,0,non-phishing,0.8000,unknown,0.5000,qwen2.5:7b,http://localhost:11434,,"{""label"":""non-phishing"",""confidence"":0.8,""signals"":[],""rationale"":""""}","{""label"":""unknown"",""confidence"":0.5,""style_cues"":[""professional"",""urgent"",""meeting""],""rationale"":""Email is formal and urgent, with a clear agenda but lacks specific details that would indicate manual or AI generation.""}"
2089,2089.txt,phishing,mistral-small:24b,n/d,0,non-phishing,0.8000,unknown,0.5000,qwen2.5:7b,http://localhost:11434,,"{""label"":""non-phishing"",""confidence"":0.8,""signals"":[],""rationale"":""""}","{""label"":""unknown"",""confidence"":0.5,""style_cues"":[""professional"",""urgent""],""rationale"":""Email is formal and urgent, with a clear call-to-action for attendance confirmation.""}"
2090,2090.txt,phishing,mistral-small:24b,n/d,0,non-phishing,0.8000,unknown,0.5000,qwen2.5:7b,http://localhost:11434,,"{""label"":""non-phishing"",""confidence"":0.8,""signals"":[],""rationale"":""""}","{""label"":""unknown"",""confidence"":0.5,""style_cues"":[""professional"",""informal_link""],""rationale"":""The email contains a standard professional tone but the sender's identity is not specified, making it unclear if it was manually or AI-generated.""}"
2091,2091.txt,phishing,mistral-small:24b,n/d,0,non-phishing,0.8000,ai-generated,0.8000,qwen2.5:7b,http://localhost:11434,,"{""label"":""non-phishing"",""confidence"":0.8,""signals"":[],""rationale"":""""}","{""label"":""ai-generated"",""confidence"":0.8,""style_cues"":[""formal tone"",""professional context"",""meeting invitation""],""rationale"":""The email has a formal and professional tone, inviting team members to an important meeting with clear objectives and a call for confirmation.""}"
2092,2092.txt,phishing,mistral-small:24b,n/d,0,phishing,0.8000,ai-generated,0.8000,qwen2.5:7b,http://localhost:11434,,"{""label"":""phishing"",""confidence"":0.8,""signals"":[""urgent action required"",""suspicious activity detected"",""click on a link""],""rationale"":""The email contains urgent language and requests verification through a suspicious link, which are common phishing tactics.""}","{""label"":""ai-generated"",""confidence"":0.8,""style_cues"":[""formal tone"",""urgency"",""link provided""],""rationale"":""The email has a formal and urgent tone, uses a link for verification, and is sent from an official position at the bank.""}"
2093,2093.txt,phishing,mistral-small:24b,n/d,0,non-phishing,0.8000,unknown,0.5000,qwen2.5:7b,http://localhost:11434,,"{""label"":""non-phishing"",""confidence"":0.8,""signals"":[],""rationale"":""""}","{""label"":""unknown"",""confidence"":0.5,""style_cues"":[""professional"",""informative""],""rationale"":""Email is formal and informative with a clear agenda for the meeting.""}"
2094,2094.txt,non-phishing,mistral-small:24b,n/d,0,non-phishing,0.8000,ai-generated,0.8000,qwen2.5:7b,http://localhost:11434,,"{""label"":""non-phishing"",""confidence"":0.8,""signals"":[],""rationale"":""""}","{""label"":""ai-generated"",""confidence"":0.8,""style_cues"":[""professional"",""formal"",""scheduling""],""rationale"":""The email follows a standard professional format, includes scheduling options, and is typical of an AI-generated message from HR.""}"
2095,2095.txt,phishing,mistral-small:24b,n/d,0,phishing,0.8000,ai-generated,0.8000,qwen2.5:7b,http://localhost:11434,,"{""label"":""phishing"",""confidence"":0.8,""signals"":[""Request for immediate payment via a link"",""Use of official authority""],""rationale"":""The email claims to be from a police officer and requests immediate action through a provided link, which are common phishing tactics.""}","{""label"":""ai-generated"",""confidence"":0.8,""style_cues"":[""formal tone"",""legal context"",""urgency""],""rationale"":""The email has a formal tone, mentions legal context and urgency, which are typical characteristics of AI-generated text.""}"
2096,2096.txt,phishing,mistral-small:24b,n/d,0,non-phishing,0.8000,unknown,0.5000,qwen2.5:7b,http://localhost:11434,,"{""label"":""non-phishing"",""confidence"":0.8,""signals"":[],""rationale"":""""}","{""label"":""unknown"",""confidence"":0.5,""style_cues"":[""professional"",""informal_link_request"",""urgency""],""rationale"":""Email contains standard professional language but lacks distinctive style cues that could indicate manual or AI generation.""}"
2097,2097.txt,non-phishing,mistral-small:24b,n/d,0,non-phishing,0.8000,unknown,0.5000,qwen2.5:7b,http://localhost:11434,,"{""label"":""non-phishing"",""confidence"":0.8,""signals"":[],""rationale"":""""}","{""label"":""unknown"",""confidence"":0.5,""style_cues"":[""professional"",""informative""],""rationale"":""Email body is formal and informative, providing details about updated policies and instructions for acknowledgment.""}"
2098,2098.txt,non-phishing,mistral-small:24b,n/d,0,non-phishing,0.8000,ai-generated,0.8000,qwen2.5:7b,http://localhost:11434,,"{""label"":""non-phishing"",""confidence"":0.8,""signals"":[],""rationale"":""""}","{""label"":""ai-generated"",""confidence"":0.8,""style_cues"":[""formal tone"",""professional context"",""call to action""],""rationale"":""The email has a formal and professional tone, provides clear instructions, and includes a call to action for acknowledgment.""}"
2099,2099.txt,non-phishing,mistral-small:24b,n/d,0,non-phishing,0.5000,unknown,0.5000,qwen2.5:7b,http://localhost:11434,,"{""label"":""non-phishing"",""confidence"":0.5,""signals"":[],""rationale"":""""}","{""label"":""unknown"",""confidence"":0.5,""style_cues"":[""professional"",""formal""],""rationale"":""Email is formal and professional, but lacks specific context or indicators of manual vs AI generation.""}"
2100,2100.txt,phishing,mistral-small:24b,n/d,0,phishing,0.7000,ai-generated,0.8000,qwen2.5:7b,http://localhost:11434,,"{""label"":""phishing"",""confidence"":0.7,""signals"":[""payment urgency"",""clickable link""],""rationale"":""The email creates a sense of urgency by demanding immediate payment and includes a clickable link, which are common phishing tactics.""}","{""label"":""ai-generated"",""confidence"":0.8,""style_cues"":[""formal tone"",""official communication"",""legal language""],""rationale"":""The email has a formal and official tone, uses legal language, and is structured as an official notification from the police department.""}"
1001,1001.txt,phishing,llama3,n/d,0,non-phishing,0.8000,unknown,0.5000,qwen2.5:7b,http://localhost:11434,,"{""label"":""non-phishing"",""confidence"":0.8,""signals"":[],""rationale"":""""}","{""label"":""unknown"",""confidence"":0.5,""style_cues"":[""professional"",""informative"",""request_confirmation""],""rationale"":""Email requests confirmation of receipt and contains links for policy review.""}"
1002,1002.txt,non-phishing,llama3,n/d,0,non-phishing,0.8000,unknown,0.5000,qwen2.5:7b,http://localhost:11434,,"{""label"":""non-phishing"",""confidence"":0.8,""signals"":[],""rationale"":""""}","{""label"":""unknown"",""confidence"":0.5,""style_cues"":[""professional"",""request for information""],""rationale"":""Email requests updates on project progress and next steps before a checkpoint.""}"
1003,1003.txt,non-phishing,llama3,n/d,0,non-phishing,0.8000,unknown,0.5000,qwen2.5:7b,http://localhost:11434,,"{""label"":""non-phishing"",""confidence"":0.8,""signals"":[],""rationale"":""""}","{""label"":""unknown"",""confidence"":0.5,""style_cues"":[""professional"",""informative""],""rationale"":""Email provides updates on IT policies without clear indication of manual or AI generation.""}"
1004,1004.txt,phishing,llama3,n/d,0,non-phishing,0.5000,unknown,0.5000,qwen2.5:7b,http://localhost:11434,,"{""label"":""non-phishing"",""confidence"":0.5,""signals"":[],""rationale"":""""}","{""label"":""unknown"",""confidence"":0.5,""style_cues"":[""professional"",""formal"",""urgent""],""rationale"":""The email is structured as a formal notification with clear instructions but lacks specific context or indicators of manual vs AI generation.""}"
1005,1005.txt,phishing,llama3,n/d,0,non-phishing,0.5000,unknown,0.5000,qwen2.5:7b,http://localhost:11434,,"{""label"":""non-phishing"",""confidence"":0.5,""signals"":[],""rationale"":""""}","{""label"":""unknown"",""confidence"":0.5,""style_cues"":[""formal tone"",""legal context"",""request for action""],""rationale"":""The email contains a formal notification of a fine and an invitation to resolve the issue, but there is no clear indication if it was manually or AI-generated.""}"
1006,1006.txt,phishing,llama3,n/d,0,non-phishing,0.5000,unknown,0.5000,qwen2.5:7b,http://localhost:11434,,"{""label"":""non-phishing"",""confidence"":0.5,""signals"":[],""rationale"":""""}","{""label"":""unknown"",""confidence"":0.5,""style_cues"":[""legal language"",""formal tone"",""payment instruction""],""rationale"":""The email contains formal legal language and payment instructions, but there is no clear indication if it was manually or AI-generated.""}"
1007,1007.txt,non-phishing,llama3,n/d,0,non-phishing,0.8000,ai-generated,0.8000,qwen2.5:7b,http://localhost:11434,,"{""label"":""non-phishing"",""confidence"":0.8,""signals"":[],""rationale"":""""}","{""label"":""ai-generated"",""confidence"":0.8,""style_cues"":[""formal tone"",""professional context"",""company communication""],""rationale"":""The email has a formal tone, professional context, and appears to be a standard company-wide communication regarding IT security policies.""}"
1008,1008.txt,non-phishing,llama3,n/d,0,non-phishing,0.8000,ai-generated,0.8000,qwen2.5:7b,http://localhost:11434,,"{""label"":""non-phishing"",""confidence"":0.8,""signals"":[],""rationale"":""""}","{""label"":""ai-generated"",""confidence"":0.8,""style_cues"":[""professional"",""formal"",""scheduled_meeting"",""HR_department""],""rationale"":""The email follows a formal tone and is typical of an HR department's communication style, inviting the recipient to a scheduled meeting with specific time slots provided.""}"
1009,1009.txt,phishing,llama3,n/d,0,non-phishing,0.5000,unknown,0.5000,qwen2.5:7b,http://localhost:11434,,"{""label"":""non-phishing"",""confidence"":0.5,""signals"":[],""rationale"":""""}","{""label"":""unknown"",""confidence"":0.5,""style_cues"":[""formal"",""professional""],""rationale"":""The email follows a standard professional format with a clear subject line and purpose, but the sender's identity is not provided.""}"
1010,1010.txt,non-phishing,llama3,n/d,0,non-phishing,0.5000,unknown,0.5000,qwen2.5:7b,http://localhost:11434,,"{""label"":""non-phishing"",""confidence"":0.5,""signals"":[],""rationale"":""""}","{""label"":""unknown"",""confidence"":0.5,""style_cues"":[""request for progress update"",""deadline approaching"",""project management""],""rationale"":""Email requests regular updates and highlights upcoming deadlines; typical project management communication.""}"
1011,1011.txt,non-phishing,llama3,n/d,0,non-phishing,0.8000,unknown,0.5000,qwen2.5:7b,http://localhost:11434,,"{""label"":""non-phishing"",""confidence"":0.8,""signals"":[],""rationale"":""""}","{""label"":""unknown"",""confidence"":0.5,""style_cues"":[""informative"",""proactive"",""multiple_options""],""rationale"":""The email provides multiple resolution options for a delivery issue, indicating a proactive approach but the style cues are generic and do not distinctly indicate if it was manually or AI-generated.""}"
1012,1012.txt,phishing,llama3,n/d,0,non-phishing,0.5000,unknown,0.5000,qwen2.5:7b,http://localhost:11434,,"{""label"":""non-phishing"",""confidence"":0.5,""signals"":[],""rationale"":""""}","{""label"":""unknown"",""confidence"":0.5,""style_cues"":[""formal tone"",""legal context"",""urgency""],""rationale"":""The email has a formal and legal tone, with an urgent request for action. However, there is no clear indication if it was manually or AI-generated.""}"
1013,1013.txt,phishing,llama3,n/d,0,non-phishing,0.8000,unknown,0.5000,qwen2.5:7b,http://localhost:11434,,"{""label"":""non-phishing"",""confidence"":0.8,""signals"":[],""rationale"":""""}","{""label"":""unknown"",""confidence"":0.5,""style_cues"":[""professional"",""informative""],""rationale"":""Email contains standard professional language and informative content about company policy updates.""}"
1014,1014.txt,phishing,llama3,n/d,0,phishing,0.8000,unknown,0.5000,qwen2.5:7b,http://localhost:11434,,"{""label"":""phishing"",""confidence"":0.8,""signals"":[""Request for payment via a link"",""Use of law enforcement authority""],""rationale"":""The email uses urgency and authority to prompt immediate action, which is common in phishing attempts. The presence of a clickable link asking for payment is a strong indicator.""}","{""label"":""unknown"",""confidence"":0.5,""style_cues"":[""formal tone"",""legal context"",""payment request""],""rationale"":""The email follows a formal legal notification style, includes a payment request, and references specific legal articles and penalties.""}"
1015,1015.txt,non-phishing,llama3,n/d,0,non-phishing,0.9000,unknown,0.5000,qwen2.5:7b,http://localhost:11434,,"{""label"":""non-phishing"",""confidence"":0.9,""signals"":[],""rationale"":""""}","{""label"":""unknown"",""confidence"":0.5,""style_cues"":[""professional"",""informative"",""action_required""],""rationale"":""Email is formal with clear instructions but lacks specific personalization or unique style cues.""}"
1016,1016.txt,non-phishing,llama3,n/d,0,non-phishing,0.9000,unknown,0.5000,qwen2.5:7b,http://localhost:11434,,"{""label"":""non-phishing"",""confidence"":0.9,""signals"":[],""rationale"":""""}","{""label"":""unknown"",""confidence"":0.5,""style_cues"":[""formal"",""reminding"",""update""],""rationale"":""The email is formal and reminds the team to update their understanding of IT security policies, with a deadline for confirmation.""}"
1017,1017.txt,non-phishing,llama3,n/d,0,non-phishing,0.5000,ai-generated,0.8000,qwen2.5:7b,http://localhost:11434,,"{""label"":""non-phishing"",""confidence"":0.5,""signals"":[],""rationale"":""""}","{""label"":""ai-generated"",""confidence"":0.8,""style_cues"":[""formal tone"",""customer service context"",""issue resolution""],""rationale"":""The email follows a standard customer service template, addressing an issue and providing multiple resolution options.""}"
1018,1018.txt,phishing,llama3,n/d,0,phishing,0.7000,ai-generated,0.8000,qwen2.5:7b,http://localhost:11434,,"{""label"":""phishing"",""confidence"":0.7,""signals"":[""Request for personal action via link"",""Use of official-sounding language""],""rationale"":""The email requests the recipient to click on a link to settle an outstanding fine, which is a common phishing tactic. The formal tone and urgency also suggest it could be fraudulent.""}","{""label"":""ai-generated"",""confidence"":0.8,""style_cues"":[""formal tone"",""legal context"",""official communication""],""rationale"":""The email has a formal and official tone, typical of AI-generated communications in legal contexts. It includes placeholders for personal details and uses standard notification language.""}"
1019,1019.txt,non-phishing,llama3,n/d,0,non-phishing,0.8000,ai-generated,0.8000,qwen2.5:7b,http://localhost:11434,,"{""label"":""non-phishing"",""confidence"":0.8,""signals"":[],""rationale"":""""}","{""label"":""ai-generated"",""confidence"":0.8,""style_cues"":[""professional"",""formal"",""scheduling""],""rationale"":""The email follows a standard professional and formal tone, includes scheduling options, and is typical of an automated or AI-generated message from HR.""}"
1020,1020.txt,non-phishing,llama3,n/d,0,non-phishing,0.9000,unknown,0.5000,qwen2.5:7b,http://localhost:11434,,"{""label"":""non-phishing"",""confidence"":0.9,""signals"":[],""rationale"":""""}","{""label"":""unknown"",""confidence"":0.5,""style_cues"":[""professional"",""informative"",""action_required""],""rationale"":""Email is informative with a clear call-to-action for completing an awareness module.""}"
1021,1021.txt,non-phishing,llama3,n/d,0,non-phishing,0.5000,unknown,0.5000,qwen2.5:7b,http://localhost:11434,,"{""label"":""non-phishing"",""confidence"":0.5,""signals"":[],""rationale"":""""}","{""label"":""unknown"",""confidence"":0.5,""style_cues"":[""professional"",""informal_suggestion""],""rationale"":""The email is formal in tone but suggests meeting times informally.""}"
1022,1022.txt,non-phishing,llama3,n/d,0,non-phishing,0.9000,unknown,0.5000,qwen2.5:7b,http://localhost:11434,,"{""label"":""non-phishing"",""confidence"":0.9,""signals"":[],""rationale"":""""}","{""label"":""unknown"",""confidence"":0.5,""style_cues"":[""professional"",""informative""],""rationale"":""Email body is formal and informative, providing details about policy changes and instructions for completion of an awareness module.""}"
1023,1023.txt,non-phishing,llama3,n/d,0,non-phishing,0.8000,ai-generated,0.8000,qwen2.5:7b,http://localhost:11434,,"{""label"":""non-phishing"",""confidence"":0.8,""signals"":[],""rationale"":""""}","{""label"":""ai-generated"",""confidence"":0.8,""style_cues"":[""professional"",""formal"",""scheduled_meeting"",""performance_review"",""goal_setting""],""rationale"":""The email follows a formal tone and structure typical of an AI-generated message. It includes placeholders for personalization and provides multiple options for scheduling, which is common in automated systems.""}"
1024,1024.txt,phishing,llama3,n/d,0,non-phishing,0.5000,unknown,0.5000,qwen2.5:7b,http://localhost:11434,,"{""label"":""non-phishing"",""confidence"":0.5,""signals"":[],""rationale"":""""}","{""label"":""unknown"",""confidence"":0.5,""style_cues"":[""professional"",""informal_link_request"",""deadline""],""rationale"":""The email is formal but the link request and deadline are somewhat informal. The content is typical of a policy update notification.""}"
1025,1025.txt,phishing,llama3,n/d,0,non-phishing,0.8000,unknown,0.5000,qwen2.5:7b,http://localhost:11434,,"{""label"":""non-phishing"",""confidence"":0.8,""signals"":[],""rationale"":""""}","{""label"":""unknown"",""confidence"":0.5,""style_cues"":[""professional"",""informative""],""rationale"":""Email is formal and informative, but lacks distinctive AI-generated characteristics.""}"
1026,1026.txt,non-phishing,llama3,n/d,0,non-phishing,0.5000,unknown,0.5000,qwen2.5:7b,http://localhost:11434,,"{""label"":""non-phishing"",""confidence"":0.5,""signals"":[],""rationale"":""""}","{""label"":""unknown"",""confidence"":0.5,""style_cues"":[""professional"",""request meeting"",""HR department""],""rationale"":""Email is formal and requests a brief meeting for HR-related discussion. No clear indication of manual or AI generation.""}"
1027,1027.txt,non-phishing,llama3,n/d,0,non-phishing,0.5000,unknown,0.5000,qwen2.5:7b,http://localhost:11434,,"{""label"":""non-phishing"",""confidence"":0.5,""signals"":[],""rationale"":""""}","{""label"":""unknown"",""confidence"":0.5,""style_cues"":[""formal"",""request for information"",""project management""],""rationale"":""Email requests updates on project progress and next steps; formal tone with clear instructions.""}"
1028,1028.txt,phishing,llama3,n/d,0,non-phishing,0.5000,ai-generated,0.8000,qwen2.5:7b,http://localhost:11434,,"{""label"":""non-phishing"",""confidence"":0.5,""signals"":[],""rationale"":""""}","{""label"":""ai-generated"",""confidence"":0.8,""style_cues"":[""formal tone"",""professional context"",""urgency""],""rationale"":""The email has a formal and professional tone, uses a specific context (security maintenance), and conveys urgency through the subject line and body content.""}"
1029,1029.txt,non-phishing,llama3,n/d,0,non-phishing,0.9000,unknown,0.5000,qwen2.5:7b,http://localhost:11434,,"{""label"":""non-phishing"",""confidence"":0.9,""signals"":[],""rationale"":""""}","{""label"":""unknown"",""confidence"":0.5,""style_cues"":[""professional"",""informative"",""action_required""],""rationale"":""Email is informative and action-oriented, but lacks personalization or specific details that might indicate manual drafting.""}"
1030,1030.txt,phishing,llama3,n/d,0,non-phishing,0.8000,unknown,0.5000,qwen2.5:7b,http://localhost:11434,,"{""label"":""non-phishing"",""confidence"":0.8,""signals"":[""confirmed_attendance_link"",""informal_greeting"",""internal_company_email""],""rationale"":""The email is from an internal company representative and includes a link for confirmation of attendance, which is common in official communications.""}","{""label"":""unknown"",""confidence"":0.5,""style_cues"":[""professional"",""urgent""],""rationale"":""The email is formal and urgent, but there are no clear indicators of whether it was manually or AI-generated.""}"
1031,1031.txt,non-phishing,llama3,n/d,0,non-phishing,0.5000,unknown,0.5000,qwen2.5:7b,http://localhost:11434,,"{""label"":""non-phishing"",""confidence"":0.5,""signals"":[],""rationale"":""""}","{""label"":""unknown"",""confidence"":0.5,""style_cues"":[""professional"",""requesting updates"",""project management""],""rationale"":""The email is formal and requests updates on project progress, but the context is not provided to determine if it was manually or AI-generated.""}"
1032,1032.txt,non-phishing,llama3,n/d,0,non-phishing,0.9000,ai-generated,0.8000,qwen2.5:7b,http://localhost:11434,,"{""label"":""non-phishing"",""confidence"":0.9,""signals"":[],""rationale"":""""}","{""label"":""ai-generated"",""confidence"":0.8,""style_cues"":[""formal"",""apologetic"",""informative""],""rationale"":""The email follows a standard template for order delay notifications, uses formal language and an apologetic tone, and provides clear information about the issue and next steps.""}"
1033,1033.txt,non-phishing,llama3,n/d,0,non-phishing,0.8000,unknown,0.5000,qwen2.5:7b,http://localhost:11434,,"{""label"":""non-phishing"",""confidence"":0.8,""signals"":[],""rationale"":""""}","{""label"":""unknown"",""confidence"":0.5,""style_cues"":[""formal tone"",""professional context"",""call to action""],""rationale"":""Email is formal with a professional context. It includes a call to action for employees to review and confirm their understanding of the updated policies.""}"
1034,1034.txt,non-phishing,llama3,n/d,0,non-phishing,0.8000,unknown,0.5000,qwen2.5:7b,http://localhost:11434,,"{""label"":""non-phishing"",""confidence"":0.8,""signals"":[],""rationale"":""""}","{""label"":""unknown"",""confidence"":0.5,""style_cues"":[""professional"",""informative""],""rationale"":""Email contains a standard update notice with clear instructions for employees to review and acknowledge the new policy.""}"
1035,1035.txt,phishing,llama3,n/d,0,non-phishing,0.5000,unknown,0.5000,qwen2.5:7b,http://localhost:11434,,"{""label"":""non-phishing"",""confidence"":0.5,""signals"":[],""rationale"":""""}","{""label"":""unknown"",""confidence"":0.5,""style_cues"":[""formal tone"",""urgency"",""request for approval""],""rationale"":""The email has a formal tone and expresses urgency, but the sender's identity is not clear.""}"
1036,1036.txt,phishing,llama3,n/d,0,non-phishing,0.5000,unknown,0.5000,qwen2.5:7b,http://localhost:11434,,"{""label"":""non-phishing"",""confidence"":0.5,""signals"":[],""rationale"":""""}","{""label"":""unknown"",""confidence"":0.5,""style_cues"":[""professional"",""informal_link_request"",""regulatory_compliance""],""rationale"":""Email is formal with a professional tone but includes an informal link request for confirmation.""}"
1037,1037.txt,phishing,llama3,n/d,0,non-phishing,0.8000,unknown,0.5000,qwen2.5:7b,http://localhost:11434,,"{""label"":""non-phishing"",""confidence"":0.8,""signals"":[],""rationale"":""""}","{""label"":""unknown"",""confidence"":0.5,""style_cues"":[""formal"",""professional""],""rationale"":""Email body is informative and follows a standard professional tone, but lacks specific indicators of manual or AI generation.""}"
1038,1038.txt,phishing,llama3,n/d,0,non-phishing,0.8000,unknown,0.5000,qwen2.5:7b,http://localhost:11434,,"{""label"":""non-phishing"",""confidence"":0.8,""signals"":[],""rationale"":""""}","{""label"":""unknown"",""confidence"":0.5,""style_cues"":[""professional"",""informative"",""action_required""],""rationale"":""Email is formal and informative, with a clear call to action for RSVP.""}"
1039,1039.txt,non-phishing,llama3,n/d,0,non-phishing,0.9000,unknown,0.5000,qwen2.5:7b,http://localhost:11434,,"{""label"":""non-phishing"",""confidence"":0.9,""signals"":[],""rationale"":""""}","{""label"":""unknown"",""confidence"":0.5,""style_cues"":[""professional"",""informative"",""action_required""],""rationale"":""Email is informative with a clear call-to-action but lacks distinctive style cues that would indicate manual or AI generation.""}"
1040,1040.txt,phishing,llama3,n/d,0,non-phishing,0.5000,ai-generated,0.8000,qwen2.5:7b,http://localhost:11434,,"{""label"":""non-phishing"",""confidence"":0.5,""signals"":[],""rationale"":""""}","{""label"":""ai-generated"",""confidence"":0.8,""style_cues"":[""formal tone"",""professional context"",""request for approval""],""rationale"":""The email follows a standard professional format, uses formal language, and requests approval for a security intervention.""}"
1041,1041.txt,phishing,llama3,n/d,0,non-phishing,0.5000,unknown,0.5000,qwen2.5:7b,http://localhost:11434,,"{""label"":""non-phishing"",""confidence"":0.5,""signals"":[],""rationale"":""""}","{""label"":""unknown"",""confidence"":0.5,""style_cues"":[""formal tone"",""legal context"",""urgency""],""rationale"":""The email has a formal and legal tone, with an urgent request for payment. It includes typical elements of official communication but lacks distinctive style cues to confidently label it as AI-generated or manual.""}"
1042,1042.txt,phishing,llama3,n/d,0,non-phishing,0.5000,ai-generated,0.8000,qwen2.5:7b,http://localhost:11434,,"{""label"":""non-phishing"",""confidence"":0.5,""signals"":[],""rationale"":""""}","{""label"":""ai-generated"",""confidence"":0.8,""style_cues"":[""formal tone"",""professional context"",""meeting invitation""],""rationale"":""The email has a formal tone, mentions a project update meeting with specific details and links, and is typical of an AI-generated communication in a professional setting.""}"
1043,1043.txt,non-phishing,llama3,n/d,0,non-phishing,0.8000,unknown,0.5000,qwen2.5:7b,http://localhost:11434,,"{""label"":""non-phishing"",""confidence"":0.8,""signals"":[],""rationale"":""""}","{""label"":""unknown"",""confidence"":0.5,""style_cues"":[""formal"",""professional""],""rationale"":""Email follows a standard professional format with clear subject line and structured content.""}"
1044,1044.txt,phishing,llama3,n/d,0,phishing,0.8000,ai-generated,0.8000,qwen2.5:7b,http://localhost:11434,,"{""label"":""phishing"",""confidence"":0.8,""signals"":[""Urgent language"",""Request for personal action via link""],""rationale"":""The email uses urgent language and requests the recipient to click on a link within 24 hours to verify their identity, which are common phishing tactics.""}","{""label"":""ai-generated"",""confidence"":0.8,""style_cues"":[""formal tone"",""urgency"",""link provided"",""customer support contact information""],""rationale"":""The email has a formal and urgent tone, provides a link for verification, and includes customer support contact details. These are typical characteristics of an AI-generated message designed to prompt immediate action.""}"
1045,1045.txt,phishing,llama3,n/d,0,non-phishing,0.8000,unknown,0.5000,qwen2.5:7b,http://localhost:11434,,"{""label"":""non-phishing"",""confidence"":0.8,""signals"":[],""rationale"":""""}","{""label"":""unknown"",""confidence"":0.5,""style_cues"":[""professional"",""informative""],""rationale"":""Email is formal with a clear purpose but lacks specific context or style indicators that would confirm it as manual or AI-generated.""}"
1046,1046.txt,phishing,llama3,n/d,0,phishing,0.8000,ai-generated,0.8000,qwen2.5:7b,http://localhost:11434,,"{""label"":""phishing"",""confidence"":0.8,""signals"":[""Urgent and threatening tone"",""Request for personal information via link""],""rationale"":""The email uses an urgent and threatening tone to create anxiety and pressure the recipient into action. It also includes a link that could be used to steal sensitive information.""}","{""label"":""ai-generated"",""confidence"":0.8,""style_cues"":[""formal tone"",""urgency"",""link provided"",""legal language""],""rationale"":""The email has a formal and urgent tone, uses legal language, provides a link for verification, and is structured like an automated notification.""}"
1047,1047.txt,non-phishing,llama3,n/d,0,non-phishing,0.8000,ai-generated,0.8000,qwen2.5:7b,http://localhost:11434,,"{""label"":""non-phishing"",""confidence"":0.8,""signals"":[],""rationale"":""""}","{""label"":""ai-generated"",""confidence"":0.8,""style_cues"":[""formal"",""apologetic"",""proactive"",""solution-oriented""],""rationale"":""The email follows a standard template for customer service notifications, with a formal tone and clear solutions provided.""}"
1048,1048.txt,non-phishing,llama3,n/d,0,non-phishing,0.9000,ai-generated,0.8000,qwen2.5:7b,http://localhost:11434,,"{""label"":""non-phishing"",""confidence"":0.9,""signals"":[],""rationale"":""""}","{""label"":""ai-generated"",""confidence"":0.8,""style_cues"":[""apologetic tone"",""proactive resolution options""],""rationale"":""The email has a formal yet apologetic tone, offering multiple proactive solutions to the customer's issue. It follows a structured format typical of automated or AI-generated responses.""}"
1049,1049.txt,phishing,llama3,n/d,0,non-phishing,0.5000,unknown,0.5000,qwen2.5:7b,http://localhost:11434,,"{""label"":""non-phishing"",""confidence"":0.5,""signals"":[],""rationale"":""""}","{""label"":""unknown"",""confidence"":0.5,""style_cues"":[""professional"",""informative"",""mandatory""],""rationale"":""Email is formal with a clear subject line and purpose. It requires confirmation of attendance for an important meeting but does not provide enough context to definitively label it as AI-generated or manual.""}"
1050,1050.txt,non-phishing,llama3,n/d,0,non-phishing,0.8000,unknown,0.5000,qwen2.5:7b,http://localhost:11434,,"{""label"":""non-phishing"",""confidence"":0.8,""signals"":[],""rationale"":""""}","{""label"":""unknown"",""confidence"":0.5,""style_cues"":[""professional"",""informative""],""rationale"":""Email contains standard security policy update language with clear instructions and deadlines.""}"
1051,1051.txt,phishing,llama3,n/d,0,non-phishing,0.5000,unknown,0.5000,qwen2.5:7b,http://localhost:11434,,"{""label"":""non-phishing"",""confidence"":0.5,""signals"":[],""rationale"":""""}","{""label"":""unknown"",""confidence"":0.5,""style_cues"":[""professional"",""urgent""],""rationale"":""The email follows a standard professional format with an urgent tone, but the sender and recipient details are placeholders.""}"
1052,1052.txt,phishing,llama3,n/d,0,non-phishing,0.8000,ai-generated,0.8000,qwen2.5:7b,http://localhost:11434,,"{""label"":""non-phishing"",""confidence"":0.8,""signals"":[],""rationale"":""""}","{""label"":""ai-generated"",""confidence"":0.8,""style_cues"":[""professional tone"",""formal language"",""link provided""],""rationale"":""The email follows a formal structure typical of administrative communication and includes a link for document review, which is common in automated or AI-generated emails.""}"
1053,1053.txt,non-phishing,llama3,n/d,0,non-phishing,0.5000,ai-generated,0.8000,qwen2.5:7b,http://localhost:11434,,"{""label"":""non-phishing"",""confidence"":0.5,""signals"":[],""rationale"":""""}","{""label"":""ai-generated"",""confidence"":0.8,""style_cues"":[""formal tone"",""customer service language"",""multiple options provided""],""rationale"":""The email follows a standard customer service template with a formal tone, uses typical customer service language, and provides multiple options for the customer to resolve an issue.""}"
1054,1054.txt,phishing,llama3,n/d,0,non-phishing,0.8000,ai-generated,0.8000,qwen2.5:7b,http://localhost:11434,,"{""label"":""non-phishing"",""confidence"":0.8,""signals"":[],""rationale"":""""}","{""label"":""ai-generated"",""confidence"":0.8,""style_cues"":[""professional tone"",""formal language"",""link provided""],""rationale"":""The email has a formal and professional tone, uses standard business language, and includes a link for further information.""}"
1055,1055.txt,non-phishing,llama3,n/d,0,non-phishing,0.8000,unknown,0.5000,qwen2.5:7b,http://localhost:11434,,"{""label"":""non-phishing"",""confidence"":0.8,""signals"":[],""rationale"":""""}","{""label"":""unknown"",""confidence"":0.5,""style_cues"":[""formal tone"",""company-wide communication"",""deadline""],""rationale"":""The email is formal and company-wide, with a clear deadline for action. It includes links and contact information for further assistance.""}"
1056,1056.txt,non-phishing,llama3,n/d,0,non-phishing,0.8000,unknown,0.5000,qwen2.5:7b,http://localhost:11434,,"{""label"":""non-phishing"",""confidence"":0.8,""signals"":[],""rationale"":""""}","{""label"":""unknown"",""confidence"":0.5,""style_cues"":[""professional"",""informative"",""timely""],""rationale"":""Email contains standard professional language, provides clear instructions, and sets a deadline.""}"
1057,1057.txt,phishing,llama3,n/d,0,non-phishing,0.5000,unknown,0.5000,qwen2.5:7b,http://localhost:11434,,"{""label"":""non-phishing"",""confidence"":0.5,""signals"":[],""rationale"":""""}","{""label"":""unknown"",""confidence"":0.5,""style_cues"":[""professional"",""urgent""],""rationale"":""Email is formal and urgent, with a clear call-to-action for confirmation of attendance.""}"
1058,1058.txt,non-phishing,llama3,n/d,0,non-phishing,0.8000,ai-generated,0.8000,qwen2.5:7b,http://localhost:11434,,"{""label"":""non-phishing"",""confidence"":0.8,""signals"":[],""rationale"":""""}","{""label"":""ai-generated"",""confidence"":0.8,""style_cues"":[""formal tone"",""professional context"",""call to action""],""rationale"":""The email has a formal tone, uses professional language, and includes a call to action for employees to review and acknowledge the policy.""}"
1059,1059.txt,non-phishing,llama3,n/d,0,non-phishing,0.8000,unknown,0.5000,qwen2.5:7b,http://localhost:11434,,"{""label"":""non-phishing"",""confidence"":0.8,""signals"":[],""rationale"":""""}","{""label"":""unknown"",""confidence"":0.5,""style_cues"":[""apologizes for the inconvenience"",""provides multiple options for resolution"",""includes a link to support portal""],""rationale"":""Email provides standard customer service response with multiple contact options and a tracking link, but lacks distinctive style cues.""}"
1060,1060.txt,phishing,llama3,n/d,0,non-phishing,0.5000,unknown,0.5000,qwen2.5:7b,http://localhost:11434,,"{""label"":""non-phishing"",""confidence"":0.5,""signals"":[""link present"",""formal tone"",""official bank communication""],""rationale"":""The email appears to be a formal notification from a bank regarding account security and requests identity verification through a link. While it is urgent, the language and structure suggest this is an official communication rather than phishing.""}","{""label"":""unknown"",""confidence"":0.5,""style_cues"":[""formal tone"",""urgency"",""security concerns""],""rationale"":""The email text does not clearly indicate if it was manually crafted or AI-generated; the content is formal and urgent but lacks specific stylistic cues that could definitively identify its origin.""}"
1061,1061.txt,non-phishing,llama3,n/d,0,non-phishing,0.5000,unknown,0.5000,qwen2.5:7b,http://localhost:11434,,"{""label"":""non-phishing"",""confidence"":0.5,""signals"":[],""rationale"":""""}","{""label"":""unknown"",""confidence"":0.5,""style_cues"":[""professional"",""request for information"",""project management""],""rationale"":""Email requests updates on project progress and next steps before a checkpoint.""}"
1062,1062.txt,non-phishing,llama3,n/d,0,non-phishing,0.8000,unknown,0.5000,qwen2.5:7b,http://localhost:11434,,"{""label"":""non-phishing"",""confidence"":0.8,""signals"":[],""rationale"":""""}","{""label"":""unknown"",""confidence"":0.5,""style_cues"":[""formal"",""professional"",""informative""],""rationale"":""Email is informative and formal, providing details about updated security policies but lacks specific indicators of manual or AI generation.""}"
1063,1063.txt,non-phishing,llama3,n/d,0,non-phishing,0.5000,unknown,0.5000,qwen2.5:7b,http://localhost:11434,,"{""label"":""non-phishing"",""confidence"":0.5,""signals"":[],""rationale"":""""}","{""label"":""unknown"",""confidence"":0.5,""style_cues"":[""professional"",""informative"",""requesting updates""],""rationale"":""Email requests an update on project status with specific details and a deadline.""}"
1064,1064.txt,non-phishing,llama3,n/d,0,non-phishing,0.8000,unknown,0.5000,qwen2.5:7b,http://localhost:11434,,"{""label"":""non-phishing"",""confidence"":0.8,""signals"":[],""rationale"":""""}","{""label"":""unknown"",""confidence"":0.5,""style_cues"":[""informative"",""apologetic"",""providing_options""],""rationale"":""The email provides clear information about a delayed shipment and offers multiple options for the customer to resolve the issue.""}"
1065,1065.txt,phishing,llama3,n/d,0,non-phishing,0.8000,unknown,0.5000,qwen2.5:7b,http://localhost:11434,,"{""label"":""non-phishing"",""confidence"":0.8,""signals"":[],""rationale"":""""}","{""label"":""unknown"",""confidence"":0.5,""style_cues"":[""professional"",""urgent""],""rationale"":""The email is formal and urgent, but there are no clear indicators of whether it was manually or AI-generated.""}"
1066,1066.txt,phishing,llama3,n/d,0,phishing,0.8000,unknown,0.5000,qwen2.5:7b,http://localhost:11434,,"{""label"":""phishing"",""confidence"":0.8,""signals"":[""Request for personal information via link"",""Urgent action required""],""rationale"":""The email requests immediate payment through a link, which is a common phishing tactic. There is no legitimate law enforcement contact information provided.""}","{""label"":""unknown"",""confidence"":0.5,""style_cues"":[""formal tone"",""legal context"",""payment request""],""rationale"":""The email contains a formal notification of a fine and payment request, but there are no clear indicators to classify it as manually or AI-generated.""}"
1067,1067.txt,non-phishing,llama3,n/d,0,non-phishing,0.8000,unknown,0.5000,qwen2.5:7b,http://localhost:11434,,"{""label"":""non-phishing"",""confidence"":0.8,""signals"":[],""rationale"":""""}","{""label"":""unknown"",""confidence"":0.5,""style_cues"":[""professional"",""informative""],""rationale"":""Email body is informative and professional but lacks distinctive style cues that would indicate manual or AI generation.""}"
1068,1068.txt,non-phishing,llama3,n/d,0,non-phishing,0.8000,ai-generated,0.8000,qwen2.5:7b,http://localhost:11434,,"{""label"":""non-phishing"",""confidence"":0.8,""signals"":[],""rationale"":""""}","{""label"":""ai-generated"",""confidence"":0.8,""style_cues"":[""informative"",""apologetic"",""proactive""],""rationale"":""The email provides detailed information about an order delay, offers multiple solutions, and maintains a supportive tone throughout.""}"
1069,1069.txt,non-phishing,llama3,n/d,0,non-phishing,0.9000,ai-generated,0.8000,qwen2.5:7b,http://localhost:11434,,"{""label"":""non-phishing"",""confidence"":0.9,""signals"":[],""rationale"":""""}","{""label"":""ai-generated"",""confidence"":0.8,""style_cues"":[""formal"",""professional"",""informative""],""rationale"":""The email is formal and informative, providing detailed updates on policy changes without personalization or specific user references.""}"
1070,1070.txt,non-phishing,llama3,n/d,0,non-phishing,0.8000,unknown,0.5000,qwen2.5:7b,http://localhost:11434,,"{""label"":""non-phishing"",""confidence"":0.8,""signals"":[],""rationale"":""""}","{""label"":""unknown"",""confidence"":0.5,""style_cues"":[""formal tone"",""company-wide communication"",""deadline specified""],""rationale"":""Email is formal with a company-wide focus and includes a deadline for confirmation.""}"
1071,1071.txt,non-phishing,llama3,n/d,0,non-phishing,0.9000,unknown,0.5000,qwen2.5:7b,http://localhost:11434,,"{""label"":""non-phishing"",""confidence"":0.9,""signals"":[],""rationale"":""""}","{""label"":""unknown"",""confidence"":0.5,""style_cues"":[""formal"",""reminding"",""mandatory""],""rationale"":""The email is formal and reminds the team of a mandatory action with a deadline, but there are no clear indicators to classify it as manually or AI-generated.""}"
1072,1072.txt,phishing,llama3,n/d,0,phishing,0.8000,ai-generated,0.8000,qwen2.5:7b,http://localhost:11434,,"{""label"":""phishing"",""confidence"":0.8,""signals"":[""urgent language"",""payment link""],""rationale"":""The email uses urgent language and includes a payment link, which are common phishing tactics.""}","{""label"":""ai-generated"",""confidence"":0.8,""style_cues"":[""formal tone"",""legal context"",""urgency""],""rationale"":""The email has a formal and legal tone, uses specific legal terminology (Article [ARTICOLO DEL CODICE CIVILE]), and emphasizes urgency with the mention of potential further sanctions.""}"
1073,1073.txt,phishing,llama3,n/d,0,non-phishing,0.8000,ai-generated,0.8000,qwen2.5:7b,http://localhost:11434,,"{""label"":""non-phishing"",""confidence"":0.8,""signals"":[],""rationale"":""""}","{""label"":""ai-generated"",""confidence"":0.8,""style_cues"":[""professional"",""formal"",""requesting approval"",""link provided""],""rationale"":""The email follows a structured format typical of AI-generated content, including a formal tone, specific request for action, and the inclusion of a link.""}"
1074,1074.txt,phishing,llama3,n/d,0,non-phishing,0.5000,unknown,0.5000,qwen2.5:7b,http://localhost:11434,,"{""label"":""non-phishing"",""confidence"":0.5,""signals"":[""Official-sounding language"",""Request for payment or explanation""],""rationale"":""The email uses formal language and requests action on a legal matter, but lacks specific indicators of phishing such as urgent demands or personal data manipulation.""}","{""label"":""unknown"",""confidence"":0.5,""style_cues"":[""formal tone"",""legal context"",""official communication""],""rationale"":""Email contains formal language and legal terminology, but the source is unclear.""}"
1075,1075.txt,non-phishing,llama3,n/d,0,non-phishing,0.9000,unknown,0.5000,qwen2.5:7b,http://localhost:11434,,"{""label"":""non-phishing"",""confidence"":0.9,""signals"":[],""rationale"":""""}","{""label"":""unknown"",""confidence"":0.5,""style_cues"":[""professional"",""informative"",""action_required""],""rationale"":""Email provides updates on IT governance policies with clear instructions for review and training.""}"
1076,1076.txt,non-phishing,llama3,n/d,0,non-phishing,0.9000,ai-generated,0.8000,qwen2.5:7b,http://localhost:11434,,"{""label"":""non-phishing"",""confidence"":0.9,""signals"":[],""rationale"":""""}","{""label"":""ai-generated"",""confidence"":0.8,""style_cues"":[""formal tone"",""professional context"",""company communication""],""rationale"":""The email has a formal tone, uses professional language, and is typical of internal company communications regarding policy updates.""}"
1077,1077.txt,phishing,llama3,n/d,0,non-phishing,0.8000,unknown,0.5000,qwen2.5:7b,http://localhost:11434,,"{""label"":""non-phishing"",""confidence"":0.8,""signals"":[],""rationale"":""""}","{""label"":""unknown"",""confidence"":0.5,""style_cues"":[""professional"",""informative""],""rationale"":""Email is formal and informative but lacks distinctive AI-generated characteristics.""}"
1078,1078.txt,phishing,llama3,n/d,0,non-phishing,0.8000,unknown,0.5000,qwen2.5:7b,http://localhost:11434,,"{""label"":""non-phishing"",""confidence"":0.8,""signals"":[],""rationale"":""""}","{""label"":""unknown"",""confidence"":0.5,""style_cues"":[""formal tone"",""urgent matter"",""confirms importance""],""rationale"":""Email is formal and urgent, confirming the importance of attendance but lacks specific indicators of AI generation.""}"
1079,1079.txt,phishing,llama3,n/d,0,phishing,0.8000,unknown,0.5000,qwen2.5:7b,http://localhost:11434,,"{""label"":""phishing"",""confidence"":0.8,""signals"":[""suspicious activity on account"",""request to click link for verification""],""rationale"":""The email claims there is suspicious activity and requests the user to verify their identity by clicking a link, which are common phishing tactics.""}","{""label"":""unknown"",""confidence"":0.5,""style_cues"":[""formal tone"",""urgency"",""security concerns""],""rationale"":""The email contains a formal tone, expresses urgency, and addresses security concerns, but there is no clear indication of whether it was manually or AI-generated.""}"
1080,1080.txt,phishing,llama3,n/d,0,non-phishing,0.5000,unknown,0.5000,qwen2.5:7b,http://localhost:11434,,"{""label"":""non-phishing"",""confidence"":0.5,""signals"":[],""rationale"":""""}","{""label"":""unknown"",""confidence"":0.5,""style_cues"":[""formal tone"",""legal context"",""payment deadline""],""rationale"":""The email contains formal language, a legal context, and a payment deadline, but there is no clear indication if it was manually or AI-generated.""}"
1081,1081.txt,phishing,llama3,n/d,0,non-phishing,0.8000,unknown,0.5000,qwen2.5:7b,http://localhost:11434,,"{""label"":""non-phishing"",""confidence"":0.8,""signals"":[],""rationale"":""""}","{""label"":""unknown"",""confidence"":0.5,""style_cues"":[""professional"",""formal""],""rationale"":""The email text is clear and structured, typical of a professional communication from a team leader.""}"
1082,1082.txt,phishing,llama3,n/d,0,phishing,0.8000,unknown,0.5000,qwen2.5:7b,http://localhost:11434,,"{""label"":""phishing"",""confidence"":0.8,""signals"":[""URGENT ACTION REQUIRED"",""PAYMENT INSTRUCTIONS VIA LINK""],""rationale"":""The email uses urgent language and requests immediate action, which is a common phishing tactic. Additionally, it provides a link for payment instructions, which could lead to malicious websites.""}","{""label"":""unknown"",""confidence"":0.5,""style_cues"":[""formal tone"",""official authority"",""payment instruction""],""rationale"":""The email has a formal tone and claims to be from an official police officer, but the sender's name and other details are placeholders, making it unclear if this is genuine or spam.""}"
1083,1083.txt,phishing,llama3,n/d,0,non-phishing,0.8000,unknown,0.5000,qwen2.5:7b,http://localhost:11434,,"{""label"":""non-phishing"",""confidence"":0.8,""signals"":[],""rationale"":""""}","{""label"":""unknown"",""confidence"":0.5,""style_cues"":[""professional"",""informative""],""rationale"":""The email contains standard professional language and provides information about updated policies. There are no clear indicators of manual or AI generation.""}"
1084,1084.txt,non-phishing,llama3,n/d,0,non-phishing,0.8000,ai-generated,0.8000,qwen2.5:7b,http://localhost:11434,,"{""label"":""non-phishing"",""confidence"":0.8,""signals"":[],""rationale"":""""}","{""label"":""ai-generated"",""confidence"":0.8,""style_cues"":[""professional"",""informal_suggestion"",""link_provided""],""rationale"":""The email follows a standard professional format with a clear purpose, but the informal suggestion for scheduling and use of links indicate it may have been generated by an AI.""}"
1085,1085.txt,non-phishing,llama3,n/d,0,non-phishing,0.8000,unknown,0.5000,qwen2.5:7b,http://localhost:11434,,"{""label"":""non-phishing"",""confidence"":0.8,""signals"":[],""rationale"":""""}","{""label"":""unknown"",""confidence"":0.5,""style_cues"":[""apologetic tone"",""providing options"",""system case tracking""],""rationale"":""The email contains a standard issue resolution template with no clear indication of manual or AI generation.""}"
1086,1086.txt,non-phishing,llama3,n/d,0,non-phishing,0.9000,unknown,0.5000,qwen2.5:7b,http://localhost:11434,,"{""label"":""non-phishing"",""confidence"":0.9,""signals"":[],""rationale"":""""}","{""label"":""unknown"",""confidence"":0.5,""style_cues"":[""professional"",""informative""],""rationale"":""Email provides detailed information about updated IT governance policies and a required awareness module.""}"
1087,1087.txt,non-phishing,llama3,n/d,0,non-phishing,0.8000,unknown,0.5000,qwen2.5:7b,http://localhost:11434,,"{""label"":""non-phishing"",""confidence"":0.8,""signals"":[],""rationale"":""""}","{""label"":""unknown"",""confidence"":0.5,""style_cues"":[""formal"",""professional"",""informative""],""rationale"":""Email contains standard corporate language, requests for acknowledgment, and links to resources.""}"
1088,1088.txt,phishing,llama3,n/d,0,non-phishing,0.8000,ai-generated,0.8000,qwen2.5:7b,http://localhost:11434,,"{""label"":""non-phishing"",""confidence"":0.8,""signals"":[],""rationale"":""""}","{""label"":""ai-generated"",""confidence"":0.8,""style_cues"":[""formal tone"",""professional context"",""scheduled meeting""],""rationale"":""The email has a formal tone, discusses an important agenda for a scheduled meeting, and includes professional details such as date, time, and specific issues to be discussed.""}"
1089,1089.txt,phishing,llama3,n/d,0,non-phishing,0.8000,unknown,0.5000,qwen2.5:7b,http://localhost:11434,,"{""label"":""non-phishing"",""confidence"":0.8,""signals"":[],""rationale"":""""}","{""label"":""unknown"",""confidence"":0.5,""style_cues"":[""professional"",""informative""],""rationale"":""Email is formal and informative, but lacks distinctive AI-generated characteristics.""}"
1090,1090.txt,phishing,llama3,n/d,0,non-phishing,0.5000,unknown,0.5000,qwen2.5:7b,http://localhost:11434,,"{""label"":""non-phishing"",""confidence"":0.5,""signals"":[],""rationale"":""""}","{""label"":""unknown"",""confidence"":0.5,""style_cues"":[""professional"",""informative""],""rationale"":""The email is formal and informative, providing details about updated company policies and a link for acknowledgment.""}"
1091,1091.txt,phishing,llama3,n/d,0,non-phishing,0.5000,unknown,0.5000,qwen2.5:7b,http://localhost:11434,,"{""label"":""non-phishing"",""confidence"":0.5,""signals"":[],""rationale"":""""}","{""label"":""unknown"",""confidence"":0.5,""style_cues"":[""professional"",""urgent""],""rationale"":""The email is formal and urgent, with a clear call-to-action for confirmation of attendance.""}"
1092,1092.txt,phishing,llama3,n/d,0,phishing,0.8000,unknown,0.5000,qwen2.5:7b,http://localhost:11434,,"{""label"":""phishing"",""confidence"":0.8,""signals"":[""Urgent security alert with a suspicious subject line"",""Request for personal information via a link""],""rationale"":""The email contains an urgent tone and requests the recipient to click on a link for verification, which are common phishing tactics.""}","{""label"":""unknown"",""confidence"":0.5,""style_cues"":[""formal tone"",""urgency"",""link provided""],""rationale"":""The email has a formal and urgent tone, with a link for verification. It is not clearly AI-generated or manually created based on the content alone.""}"
1093,1093.txt,phishing,llama3,n/d,0,non-phishing,0.5000,unknown,0.5000,qwen2.5:7b,http://localhost:11434,,"{""label"":""non-phishing"",""confidence"":0.5,""signals"":[],""rationale"":""""}","{""label"":""unknown"",""confidence"":0.5,""style_cues"":[""professional"",""formal""],""rationale"":""Email follows a standard professional and formal format, but lacks distinctive AI-generated characteristics.""}"
1094,1094.txt,non-phishing,llama3,n/d,0,non-phishing,0.5000,unknown,0.5000,qwen2.5:7b,http://localhost:11434,,"{""label"":""non-phishing"",""confidence"":0.5,""signals"":[],""rationale"":""""}","{""label"":""unknown"",""confidence"":0.5,""style_cues"":[""professional"",""informative""],""rationale"":""The email is formal and informative, providing clear scheduling options and a purpose for the meeting.""}"
1095,1095.txt,phishing,llama3,n/d,0,non-phishing,0.5000,unknown,0.5000,qwen2.5:7b,http://localhost:11434,,"{""label"":""non-phishing"",""confidence"":0.5,""signals"":[],""rationale"":""""}","{""label"":""unknown"",""confidence"":0.5,""style_cues"":[""formal tone"",""legal context"",""payment request""],""rationale"":""The email has a formal and legal tone, requests payment for a fine, and provides a link for payment. It also includes contact information for clarification.""}"
1096,1096.txt,phishing,llama3,n/d,0,non-phishing,0.8000,unknown,0.5000,qwen2.5:7b,http://localhost:11434,,"{""label"":""non-phishing"",""confidence"":0.8,""signals"":[],""rationale"":""""}","{""label"":""unknown"",""confidence"":0.5,""style_cues"":[""formal tone"",""professional context"",""internal communication""],""rationale"":""Email content appears formal and professional, with a clear purpose of updating company policies. The request for confirmation is standard procedure but lacks specific details that would indicate manual or AI generation.""}"
1097,1097.txt,non-phishing,llama3,n/d,0,non-phishing,0.8000,unknown,0.5000,qwen2.5:7b,http://localhost:11434,,"{""label"":""non-phishing"",""confidence"":0.8,""signals"":[],""rationale"":""""}","{""label"":""unknown"",""confidence"":0.5,""style_cues"":[""professional"",""informative""],""rationale"":""Email contains formal language and provides important updates on company policies with a clear call to action.""}"
1098,1098.txt,non-phishing,llama3,n/d,0,non-phishing,0.9000,ai-generated,0.8000,qwen2.5:7b,http://localhost:11434,,"{""label"":""non-phishing"",""confidence"":0.9,""signals"":[],""rationale"":""""}","{""label"":""ai-generated"",""confidence"":0.8,""style_cues"":[""formal tone"",""professional context"",""call to action""],""rationale"":""The email has a formal and professional tone, uses a call to action, and provides clear instructions for review and confirmation.""}"
1099,1099.txt,non-phishing,llama3,n/d,0,non-phishing,0.5000,ai-generated,0.8000,qwen2.5:7b,http://localhost:11434,,"{""label"":""non-phishing"",""confidence"":0.5,""signals"":[],""rationale"":""""}","{""label"":""ai-generated"",""confidence"":0.8,""style_cues"":[""professional"",""formal"",""scheduling""],""rationale"":""The email follows a standard professional format, includes scheduling options, and is typical of an automated system response.""}"
1100,1100.txt,phishing,llama3,n/d,0,non-phishing,0.5000,ai-generated,0.8000,qwen2.5:7b,http://localhost:11434,,"{""label"":""non-phishing"",""confidence"":0.5,""signals"":[],""rationale"":""""}","{""label"":""ai-generated"",""confidence"":0.8,""style_cues"":[""formal tone"",""legal context"",""urgency""],""rationale"":""The email has a formal and legal tone, uses specific legal terminology (ARTICOLO DEL CODICE CIVILE), emphasizes urgency with 'outstanding fine' and 'immediate action', and includes a link for payment.""}"
